figure,variant,x_value,metric,plot_metric_name,plot_y_mean,plot_y_median,plot_y_std,plot_y_p10,plot_y_p90,plot_y_p95,mean,median,std,p10,p90,p95,success_rate,outlier_rate,rescue_run_rate,rescue_trigger_rate,n,K,paper_k,effective_K,position_rmse_m_mean,position_rmse_m_median,position_rmse_m_std,position_rmse_m_p10,position_rmse_m_p90,position_rmse_m_p95,y_nmse_mean,y_nmse_median,y_nmse_std,y_nmse_p10,y_nmse_p90,y_nmse_p95,range_rmse_m_mean,range_rmse_m_median,range_rmse_m_std,range_rmse_m_p10,range_rmse_m_p90,range_rmse_m_p95,tau_rmse_s_mean,tau_rmse_s_median,tau_rmse_s_std,tau_rmse_s_p10,tau_rmse_s_p90,tau_rmse_s_p95,raw_objective_final_mean,raw_objective_final_median,raw_objective_final_std,raw_objective_final_p10,raw_objective_final_p90,raw_objective_final_p95,outlier_flag_mean,outlier_flag_median,outlier_flag_std,outlier_flag_p10,outlier_flag_p90,outlier_flag_p95,peb_position_m_mean,peb_position_m_median,peb_position_m_std,peb_position_m_p10,peb_position_m_p90,peb_position_m_p95,peb_scalar_m_mean,peb_scalar_m_median,peb_scalar_m_std,peb_scalar_m_p10,peb_scalar_m_p90,peb_scalar_m_p95,peb_dual_m_mean,peb_dual_m_median,peb_dual_m_std,peb_dual_m_p10,peb_dual_m_p90,peb_dual_m_p95,peb_evs_m_mean,peb_evs_m_median,peb_evs_m_std,peb_evs_m_p10,peb_evs_m_p90,peb_evs_m_p95,peb_free_jones_m_mean,peb_free_jones_m_median,peb_free_jones_m_std,peb_free_jones_m_p10,peb_free_jones_m_p90,peb_free_jones_m_p95,peb_constrained_jones_m_mean,peb_constrained_jones_m_median,peb_constrained_jones_m_std,peb_constrained_jones_m_p10,peb_constrained_jones_m_p90,peb_constrained_jones_m_p95,peb_anchored_jones_m_mean,peb_anchored_jones_m_median,peb_anchored_jones_m_std,peb_anchored_jones_m_p10,peb_anchored_jones_m_p90,peb_anchored_jones_m_p95,stage2_seed_position_error_m_mean,stage2_seed_position_error_m_median,stage2_seed_position_error_m_std,stage2_seed_position_error_m_p10,stage2_seed_position_error_m_p90,stage2_seed_position_error_m_p95,stage2_seed_clock_error_ns_mean,stage2_seed_clock_error_ns_median,stage2_seed_clock_error_ns_std,stage2_seed_clock_error_ns_p10,stage2_seed_clock_error_ns_p90,stage2_seed_clock_error_ns_p95
fig2,adaptive_jones_no_rescue,-10.0,y_nmse,y_nmse,0.041641683417607614,4.6602671471752304e-05,0.19947642047775152,2.5882020390752394e-05,7.719066282236112e-05,0.0001092125429147568,0.041641683417607614,4.6602671471752304e-05,0.19947642047775152,2.5882020390752394e-05,7.719066282236112e-05,0.0001092125429147568,1.0,0.041666666666666664,0.0,0.0,24,3,3,3,0.04396653880678955,0.0010038031622836775,0.20622109911493838,0.00032593453561509156,0.0016956813907908236,0.0021788111782527235,0.041641683417607614,4.6602671471752304e-05,0.19947642047775152,2.5882020390752394e-05,7.719066282236112e-05,0.0001092125429147568,0.01895431477086944,0.00036886993154510036,0.08915613196293677,8.192436202685562e-05,0.0007810118966954085,0.0008208909394841142,1.0872826846196103e-10,1.1073013814722565e-12,5.123882571514219e-10,6.368812642825568e-13,4.586608555347314e-12,5.087824033906931e-12,3.248468972527959,3.069218620259335,1.5442714537214175,1.187067208123221,4.902951134245312,5.601865771656394,0.041666666666666664,0.0,0.19982631347136331,0.0,0.0,0.0,nan,nan,nan,nan,nan,nan,nan,nan,nan,nan,nan,nan,nan,nan,nan,nan,nan,nan,nan,nan,nan,nan,nan,nan,nan,nan,nan,nan,nan,nan,nan,nan,nan,nan,nan,nan,nan,nan,nan,nan,nan,nan,nan,nan,nan,nan,nan,nan,nan,nan,nan,nan,nan,nan
fig2,adaptive_jones_no_rescue,-5.0,y_nmse,y_nmse,1.5716449734936558e-05,1.4724007207334935e-05,6.936073516865055e-06,8.184727367002366e-06,2.4418186696555065e-05,2.769181698697924e-05,1.5716449734936558e-05,1.4724007207334935e-05,6.936073516865055e-06,8.184727367002366e-06,2.4418186696555065e-05,2.769181698697924e-05,1.0,0.0,0.0,0.0,24,3,3,3,0.0005312590509197795,0.0004708569405108098,0.000311422365367816,0.00018381930167492034,0.0009299586435703885,0.000959906301502406,1.5716449734936558e-05,1.4724007207334935e-05,6.936073516865055e-06,8.184727367002366e-06,2.4418186696555065e-05,2.769181698697924e-05,0.00020363941089787218,0.00019099795641679173,0.0001438454046889519,4.6191912692659634e-05,0.0004212543049751001,0.0004420241631387432,1.0612377922762222e-12,6.16611768569619e-13,8.013165870995486e-13,3.6161252082653187e-13,2.237913301829452e-12,2.652342028942077e-12,1.0232981591838952,0.9330773452417129,0.48847950063728635,0.3753836093354973,1.5504492776208267,1.771465477265262,0.0,0.0,0.0,0.0,0.0,0.0,nan,nan,nan,nan,nan,nan,nan,nan,nan,nan,nan,nan,nan,nan,nan,nan,nan,nan,nan,nan,nan,nan,nan,nan,nan,nan,nan,nan,nan,nan,nan,nan,nan,nan,nan,nan,nan,nan,nan,nan,nan,nan,nan,nan,nan,nan,nan,nan,nan,nan,nan,nan,nan,nan
fig2,adaptive_jones_no_rescue,0.0,y_nmse,y_nmse,4.9714630121374225e-06,4.653946656136499e-06,2.194089434262161e-06,2.58827311357197e-06,7.72323547437108e-06,8.752877913615828e-06,4.9714630121374225e-06,4.653946656136499e-06,2.194089434262161e-06,2.58827311357197e-06,7.72323547437108e-06,8.752877913615828e-06,1.0,0.0,0.0,0.0,24,3,3,3,0.0002991046430057762,0.0002660007675912815,0.00017535682021756473,0.00010353238626345893,0.0005233744408687087,0.0005405803023070768,4.9714630121374225e-06,4.653946656136499e-06,2.194089434262161e-06,2.58827311357197e-06,7.72323547437108e-06,8.752877913615828e-06,0.00011453328977883443,0.00010751928681611587,8.084725249725767e-05,2.601803330726556e-05,0.00023670670837470193,0.000248497493057008,5.970303520650459e-13,3.449183067480032e-13,4.4997844735957146e-13,2.031115769604618e-13,1.2580367830807332e-12,1.492441815233285e-12,0.32359529059477593,0.29506496470513366,0.15447078113151672,0.11870671982167065,0.490295110235754,0.5601865666295716,0.0,0.0,0.0,0.0,0.0,0.0,nan,nan,nan,nan,nan,nan,nan,nan,nan,nan,nan,nan,nan,nan,nan,nan,nan,nan,nan,nan,nan,nan,nan,nan,nan,nan,nan,nan,nan,nan,nan,nan,nan,nan,nan,nan,nan,nan,nan,nan,nan,nan,nan,nan,nan,nan,nan,nan,nan,nan,nan,nan,nan,nan
fig2,adaptive_jones_no_rescue,5.0,y_nmse,y_nmse,1.5723824979083513e-06,1.4713231785444645e-06,6.939659064382696e-07,8.184953129804084e-07,2.4425773974341414e-06,2.7671976202667495e-06,1.5723824979083513e-06,1.4713231785444645e-06,6.939659064382696e-07,8.184953129804084e-07,2.4425773974341414e-06,2.7671976202667495e-06,1.0,0.0,0.0,0.0,24,3,3,3,0.00016831276673430194,0.00014996238353462058,9.868537735773666e-05,5.8274587550466916e-05,0.00029445939766324544,0.0003042384598686529,1.5723824979083513e-06,1.4713231785444645e-06,6.939659064382696e-07,8.184953129804084e-07,2.4425773974341414e-06,2.7671976202667495e-06,6.441258730628971e-05,6.0498516617641654e-05,4.545072607214557e-05,1.4643924229295447e-05,0.00013305577410077188,0.00013971812811836197,3.3581351865811047e-13,1.9336995455623336e-13,2.5284197549593016e-13,1.1411414255988975e-13,7.073004048653505e-13,8.395482313599715e-13,0.10232981579269118,0.09330773467073308,0.048847950013778486,0.03753836075656394,0.15504492719441582,0.17714654583359332,0.0,0.0,0.0,0.0,0.0,0.0,nan,nan,nan,nan,nan,nan,nan,nan,nan,nan,nan,nan,nan,nan,nan,nan,nan,nan,nan,nan,nan,nan,nan,nan,nan,nan,nan,nan,nan,nan,nan,nan,nan,nan,nan,nan,nan,nan,nan,nan,nan,nan,nan,nan,nan,nan,nan,nan,nan,nan,nan,nan,nan,nan
fig2,adaptive_jones_no_rescue,10.0,y_nmse,y_nmse,4.972791450882791e-07,4.652049840715814e-07,2.1947505894446733e-07,2.588331294893911e-07,7.724591377691159e-07,8.749407298007906e-07,4.972791450882791e-07,4.652049840715814e-07,2.1947505894446733e-07,2.588331294893911e-07,7.724591377691159e-07,8.749407298007906e-07,1.0,0.0,0.0,0.0,24,3,3,3,9.468533571154373e-05,8.445380114162858e-05,5.551851417189446e-05,3.278504884906347e-05,0.00016562574595685602,0.0001711661484551096,4.972791450882791e-07,4.652049840715814e-07,2.1947505894446733e-07,2.588331294893911e-07,7.724591377691159e-07,8.749407298007906e-07,3.6223786503184956e-05,3.403199888467856e-05,2.5554771577744828e-05,8.23941196796678e-06,7.480513028007151e-05,7.856227792557323e-05,1.8886697520835735e-13,1.0855156929078659e-13,1.421208903562591e-13,6.403646387620193e-14,3.9770028097671427e-13,4.722036222721051e-13,0.032359529036851055,0.029506496496211537,0.01544707810404911,0.01187067195061171,0.0490295109225689,0.05601865632439652,0.0,0.0,0.0,0.0,0.0,0.0,nan,nan,nan,nan,nan,nan,nan,nan,nan,nan,nan,nan,nan,nan,nan,nan,nan,nan,nan,nan,nan,nan,nan,nan,nan,nan,nan,nan,nan,nan,nan,nan,nan,nan,nan,nan,nan,nan,nan,nan,nan,nan,nan,nan,nan,nan,nan,nan,nan,nan,nan,nan,nan,nan
fig2,adaptive_jones_no_rescue,15.0,y_nmse,y_nmse,1.5726226947631147e-07,1.4709914234642906e-07,6.940831435423456e-08,8.185082910350025e-08,2.442819413410074e-07,2.766585388434467e-07,1.5726226947631147e-07,1.4709914234642906e-07,6.940831435423456e-08,8.185082910350025e-08,2.442819413410074e-07,2.766585388434467e-07,1.0,0.0,0.0,0.0,24,3,3,3,5.325733654786504e-05,4.752939987871323e-05,3.122793989117237e-05,1.844255720586857e-05,9.315369982110849e-05,9.627933702746504e-05,1.5726226947631147e-07,1.4709914234642906e-07,6.940831435423456e-08,8.185082910350025e-08,2.442819413410074e-07,2.766585388434467e-07,2.0370796392448376e-05,1.914111131916657e-05,1.4369170023923588e-05,4.634579954894435e-06,4.2060635543284416e-05,4.417661789455049e-05,1.0621533241490716e-13,6.098331106830387e-14,7.990073299007645e-14,3.59677325719689e-14,2.236284287626112e-13,2.655681575009242e-13,0.010232981575218054,0.009330773471606737,0.004884794999737103,0.0037538360700366587,0.015504492701473934,0.017714654522958513,0.0,0.0,0.0,0.0,0.0,0.0,nan,nan,nan,nan,nan,nan,nan,nan,nan,nan,nan,nan,nan,nan,nan,nan,nan,nan,nan,nan,nan,nan,nan,nan,nan,nan,nan,nan,nan,nan,nan,nan,nan,nan,nan,nan,nan,nan,nan,nan,nan,nan,nan,nan,nan,nan,nan,nan,nan,nan,nan,nan,nan,nan
fig2,adaptive_jones_no_rescue,20.0,y_nmse,y_nmse,4.9732202482434997e-08,4.6514602581420953e-08,2.194959902475512e-08,2.588376304322408e-08,7.725018535001155e-08,8.748322158419759e-08,4.9732202482434997e-08,4.6514602581420953e-08,2.194959902475512e-08,2.588376304322408e-08,7.725018535001155e-08,8.748322158419759e-08,1.0,0.0,0.0,0.0,24,3,3,3,2.995220455426394e-05,2.6740195261001966e-05,1.756297534014171e-05,1.0371784214189508e-05,5.238841966419709e-05,5.414944483039757e-05,4.9732202482434997e-08,4.6514602581420953e-08,2.194959902475512e-08,2.588376304322408e-08,7.725018535001155e-08,8.748322158419759e-08,1.145552217287913e-05,1.076492673903001e-05,8.079984387544628e-06,2.6067307498994524e-06,2.365058448265173e-05,2.4841691578993713e-05,5.973189473058996e-14,3.4274590789309454e-14,4.492519283464549e-14,2.0212664939889553e-14,1.257512905800184e-13,1.493491516197253e-13,0.0032359529029619715,0.002950649650423704,0.001544707810110932,0.0011870671940609966,0.004902951089061151,0.005601865621679187,0.0,0.0,0.0,0.0,0.0,0.0,nan,nan,nan,nan,nan,nan,nan,nan,nan,nan,nan,nan,nan,nan,nan,nan,nan,nan,nan,nan,nan,nan,nan,nan,nan,nan,nan,nan,nan,nan,nan,nan,nan,nan,nan,nan,nan,nan,nan,nan,nan,nan,nan,nan,nan,nan,nan,nan,nan,nan,nan,nan,nan,nan
fig2,adaptive_jones_vp_proposed,-10.0,y_nmse,y_nmse,0.06720757634138143,5.44221273615068e-05,0.1992961190455918,2.7282190088785726e-05,0.13729148900299581,0.14978898631885534,0.06720757634138143,5.44221273615068e-05,0.1992961190455918,2.7282190088785726e-05,0.13729148900299581,0.14978898631885534,1.0,0.2916666666666667,0.125,0.125,24,3,3,3,0.19297764264179196,0.001453681797077866,0.31068780771515514,0.0004407200361239006,0.7000005357201429,0.7000008297370932,0.06720757634138143,5.44221273615068e-05,0.1992961190455918,2.7282190088785726e-05,0.13729148900299581,0.14978898631885534,0.017636375335539908,0.0004845706224729444,0.062332266931463376,8.710709894494895e-05,0.017971395760906797,0.01813374909468442,1.9433080563760155e-10,1.995330753594511e-12,8.638334935568065e-10,6.368812642825568e-13,5.4749000221785194e-11,6.153189111404066e-11,3.2579145671777616,3.069218620259332,1.5508438006156837,1.1897137261772408,4.966269862185056,5.611034449454063,0.2916666666666667,0.0,0.45452967144315476,0.0,1.0,1.0,nan,nan,nan,nan,nan,nan,nan,nan,nan,nan,nan,nan,nan,nan,nan,nan,nan,nan,nan,nan,nan,nan,nan,nan,nan,nan,nan,nan,nan,nan,nan,nan,nan,nan,nan,nan,nan,nan,nan,nan,nan,nan,1.3197140430265342,0.8562186158129904,0.7685950611697597,0.7312439952656093,2.0935822616728768,2.248252717405362,1.3034320762245197,0.07729873063197101,1.7833314670459777,0.021757685831118714,3.0755598048549406,3.450342439132811
fig2,adaptive_jones_vp_proposed,-5.0,y_nmse,y_nmse,0.008882963704822363,1.550496438435106e-05,0.02554729504863743,8.619562644403512e-06,0.02412428694305714,0.0681991833325168,0.008882963704822363,1.550496438435106e-05,0.02554729504863743,8.619562644403512e-06,0.02412428694305714,0.0681991833325168,1.0,0.125,0.0,0.0,24,3,3,3,0.08798342050214264,0.0006111798638761619,0.23132084944799358,0.00023026466336649635,0.4903836645206856,0.700000457520061,0.008882963704822363,1.550496438435106e-05,0.02554729504863743,8.619562644403512e-06,0.02412428694305714,0.0681991833325168,0.0024282645611569606,0.00021943950884735071,0.0058737055166412705,5.850834371392656e-05,0.012535232243842773,0.017725534670853887,7.523687730653929e-12,8.054995451391808e-13,1.7209783915408193e-11,3.6161252082653187e-13,3.70604115527857e-11,5.3353682650237504e-11,1.0252929708201146,0.9380695961825689,0.48757466633464724,0.3780313942552826,1.5504492776208287,1.771465477265262,0.125,0.0,0.33071891388307384,0.0,0.6999999999999993,1.0,nan,nan,nan,nan,nan,nan,nan,nan,nan,nan,nan,nan,nan,nan,nan,nan,nan,nan,nan,nan,nan,nan,nan,nan,nan,nan,nan,nan,nan,nan,nan,nan,nan,nan,nan,nan,nan,nan,nan,nan,nan,nan,nan,nan,nan,nan,nan,nan,nan,nan,nan,nan,nan,nan
fig2,adaptive_jones_vp_proposed,0.0,y_nmse,y_nmse,0.0014400879094780279,4.9019033734213285e-06,0.006882079542222672,2.724348404129182e-06,8.639087916366801e-06,1.1038748092956987e-05,0.0014400879094780279,4.9019033734213285e-06,0.006882079542222672,2.724348404129182e-06,8.639087916366801e-06,1.1038748092956987e-05,1.0,0.041666666666666664,0.0,0.0,24,3,3,3,0.029464471764070344,0.00032043195743961927,0.1398164608678205,0.00011560393147450831,0.0005381878817099369,0.0006943295407284272,0.0014400879094780279,4.9019033734213285e-06,0.006882079542222672,2.724348404129182e-06,8.639087916366801e-06,1.1038748092956987e-05,0.0008830010318435971,0.0001177074321398562,0.00366518596889004,2.8443730435270488e-05,0.00024672734594721247,0.00025984340560435327,2.7290657704522504e-12,3.449183067480032e-13,1.0228386010118633e-11,2.031115769604618e-13,1.452403983901798e-12,1.601231544529087e-12,0.32400933768759715,0.3000335298189878,0.15438358665870294,0.11870671982167065,0.490295110235754,0.5601865666295716,0.041666666666666664,0.0,0.19982631347136331,0.0,0.0,0.0,nan,nan,nan,nan,nan,nan,nan,nan,nan,nan,nan,nan,nan,nan,nan,nan,nan,nan,nan,nan,nan,nan,nan,nan,nan,nan,nan,nan,nan,nan,nan,nan,nan,nan,nan,nan,nan,nan,nan,nan,nan,nan,nan,nan,nan,nan,nan,nan,nan,nan,nan,nan,nan,nan
fig2,adaptive_jones_vp_proposed,5.0,y_nmse,y_nmse,0.0014366851976615684,1.5499187467158862e-06,0.006882401956776748,8.612705929165223e-07,2.731289749751904e-06,3.4909238685296045e-06,0.0014366851976615684,1.5499187467158862e-06,0.006882401956776748,8.612705929165223e-07,2.731289749751904e-06,3.4909238685296045e-06,1.0,0.041666666666666664,0.0,0.0,24,3,3,3,0.029334258863243635,0.00018053233056013266,0.13984354602102272,6.511312758202574e-05,0.00030286746843900564,0.0003910555231970235,0.0014366851976615684,1.5499187467158862e-06,0.006882401956776748,8.612705929165223e-07,2.731289749751904e-06,3.4909238685296045e-06,0.0008333373803075264,6.63131839667191e-05,0.003676018123679089,1.6097395698978458e-05,0.00013871634425536666,0.0001461492661804415,2.4787695069399614e-12,1.9336995455623336e-13,1.0276886878435599e-11,1.1411414255988975e-13,8.169713254408194e-13,8.995876804411985e-13,0.10274275211659963,0.09826297055763414,0.04878839271224339,0.03753836075656394,0.1550449271944161,0.17714654583359332,0.041666666666666664,0.0,0.19982631347136334,0.0,0.0,0.0,nan,nan,nan,nan,nan,nan,nan,nan,nan,nan,nan,nan,nan,nan,nan,nan,nan,nan,nan,nan,nan,nan,nan,nan,nan,nan,nan,nan,nan,nan,nan,nan,nan,nan,nan,nan,nan,nan,nan,nan,nan,nan,nan,nan,nan,nan,nan,nan,nan,nan,nan,nan,nan,nan
fig2,adaptive_jones_vp_proposed,10.0,y_nmse,y_nmse,4.972791450882791e-07,4.652049840715814e-07,2.1947505894446733e-07,2.588331294893911e-07,7.724591377691159e-07,8.749407298007906e-07,4.972791450882791e-07,4.652049840715814e-07,2.1947505894446733e-07,2.588331294893911e-07,7.724591377691159e-07,8.749407298007906e-07,1.0,0.0,0.0,0.0,24,3,3,3,9.468533571154373e-05,8.445380114162858e-05,5.551851417189446e-05,3.278504884906347e-05,0.00016562574595685602,0.0001711661484551096,4.972791450882791e-07,4.652049840715814e-07,2.1947505894446733e-07,2.588331294893911e-07,7.724591377691159e-07,8.749407298007906e-07,3.6223786503184956e-05,3.403199888467856e-05,2.5554771577744828e-05,8.23941196796678e-06,7.480513028007151e-05,7.856227792557323e-05,1.8886697520835735e-13,1.0855156929078659e-13,1.421208903562591e-13,6.403646387620193e-14,3.9770028097671427e-13,4.722036222721051e-13,0.032359529036851055,0.029506496496211537,0.01544707810404911,0.01187067195061171,0.0490295109225689,0.05601865632439652,0.0,0.0,0.0,0.0,0.0,0.0,nan,nan,nan,nan,nan,nan,nan,nan,nan,nan,nan,nan,nan,nan,nan,nan,nan,nan,nan,nan,nan,nan,nan,nan,nan,nan,nan,nan,nan,nan,nan,nan,nan,nan,nan,nan,nan,nan,nan,nan,nan,nan,nan,nan,nan,nan,nan,nan,nan,nan,nan,nan,nan,nan
fig2,adaptive_jones_vp_proposed,15.0,y_nmse,y_nmse,1.5726226947631147e-07,1.4709914234642906e-07,6.940831435423456e-08,8.185082910350025e-08,2.442819413410074e-07,2.766585388434467e-07,1.5726226947631147e-07,1.4709914234642906e-07,6.940831435423456e-08,8.185082910350025e-08,2.442819413410074e-07,2.766585388434467e-07,1.0,0.0,0.0,0.0,24,3,3,3,5.325733654786504e-05,4.752939987871323e-05,3.122793989117237e-05,1.844255720586857e-05,9.315369982110849e-05,9.627933702746504e-05,1.5726226947631147e-07,1.4709914234642906e-07,6.940831435423456e-08,8.185082910350025e-08,2.442819413410074e-07,2.766585388434467e-07,2.0370796392448376e-05,1.914111131916657e-05,1.4369170023923588e-05,4.634579954894435e-06,4.2060635543284416e-05,4.417661789455049e-05,1.0621533241490716e-13,6.098331106830387e-14,7.990073299007645e-14,3.59677325719689e-14,2.236284287626112e-13,2.655681575009242e-13,0.010232981575218054,0.009330773471606737,0.004884794999737103,0.0037538360700366587,0.015504492701473934,0.017714654522958513,0.0,0.0,0.0,0.0,0.0,0.0,nan,nan,nan,nan,nan,nan,nan,nan,nan,nan,nan,nan,nan,nan,nan,nan,nan,nan,nan,nan,nan,nan,nan,nan,nan,nan,nan,nan,nan,nan,nan,nan,nan,nan,nan,nan,nan,nan,nan,nan,nan,nan,nan,nan,nan,nan,nan,nan,nan,nan,nan,nan,nan,nan
fig2,adaptive_jones_vp_proposed,20.0,y_nmse,y_nmse,4.9732202482434997e-08,4.6514602581420953e-08,2.194959902475512e-08,2.588376304322408e-08,7.725018535001155e-08,8.748322158419759e-08,4.9732202482434997e-08,4.6514602581420953e-08,2.194959902475512e-08,2.588376304322408e-08,7.725018535001155e-08,8.748322158419759e-08,1.0,0.0,0.0,0.0,24,3,3,3,2.995220455426394e-05,2.6740195261001966e-05,1.756297534014171e-05,1.0371784214189508e-05,5.238841966419709e-05,5.414944483039757e-05,4.9732202482434997e-08,4.6514602581420953e-08,2.194959902475512e-08,2.588376304322408e-08,7.725018535001155e-08,8.748322158419759e-08,1.145552217287913e-05,1.076492673903001e-05,8.079984387544628e-06,2.6067307498994524e-06,2.365058448265173e-05,2.4841691578993713e-05,5.973189473058996e-14,3.4274590789309454e-14,4.492519283464549e-14,2.0212664939889553e-14,1.257512905800184e-13,1.493491516197253e-13,0.0032359529029619715,0.002950649650423704,0.001544707810110932,0.0011870671940609966,0.004902951089061151,0.005601865621679187,0.0,0.0,0.0,0.0,0.0,0.0,nan,nan,nan,nan,nan,nan,nan,nan,nan,nan,nan,nan,nan,nan,nan,nan,nan,nan,nan,nan,nan,nan,nan,nan,nan,nan,nan,nan,nan,nan,nan,nan,nan,nan,nan,nan,nan,nan,nan,nan,nan,nan,nan,nan,nan,nan,nan,nan,nan,nan,nan,nan,nan,nan
fig2,fixed_pol_vp,-10.0,y_nmse,y_nmse,0.08273072919579169,4.905472862760099e-05,0.27422885796411817,2.7282190088785726e-05,0.00010425582755497486,0.8382495423451088,0.08273072919579169,4.905472862760099e-05,0.27422885796411817,2.7282190088785726e-05,0.00010425582755497486,0.8382495423451088,1.0,0.08333333333333333,nan,0.0,24,3,3,3,0.0777810743162145,0.0010865219719562696,0.25665259089339315,0.0003726617378672505,0.0020959517519945955,0.6903832935350014,0.08273072919579169,4.905472862760099e-05,0.27422885796411817,2.7282190088785726e-05,0.00010425582755497486,0.8382495423451088,0.04530731396660131,0.00039118846646326395,0.1514420347827589,8.192436202685562e-05,0.000815765729696754,0.3796746932786968,1.2991257014352749e-10,1.1073013814722565e-12,5.180639877090674e-10,6.368812642825568e-13,5.043470059854197e-12,4.3560620643447207e-10,3.2681252930656535,3.069218620259335,1.5668506023481967,1.187067208123221,5.179656073893419,5.65255805857266,0.08333333333333333,0.0,0.2763853991962833,0.0,0.0,0.8499999999999979,nan,nan,nan,nan,nan,nan,nan,nan,nan,nan,nan,nan,nan,nan,nan,nan,nan,nan,nan,nan,nan,nan,nan,nan,nan,nan,nan,nan,nan,nan,nan,nan,nan,nan,nan,nan,nan,nan,nan,nan,nan,nan,nan,nan,nan,nan,nan,nan,nan,nan,nan,nan,nan,nan
fig2,fixed_pol_vp,-5.0,y_nmse,y_nmse,1.5716449734936558e-05,1.4724007207334935e-05,6.936073516865055e-06,8.184727367002366e-06,2.4418186696555065e-05,2.769181698697924e-05,1.5716449734936558e-05,1.4724007207334935e-05,6.936073516865055e-06,8.184727367002366e-06,2.4418186696555065e-05,2.769181698697924e-05,1.0,0.0,nan,0.0,24,3,3,3,0.0005312590509197795,0.0004708569405108098,0.000311422365367816,0.00018381930167492034,0.0009299586435703885,0.000959906301502406,1.5716449734936558e-05,1.4724007207334935e-05,6.936073516865055e-06,8.184727367002366e-06,2.4418186696555065e-05,2.769181698697924e-05,0.00020363941089787218,0.00019099795641679173,0.0001438454046889519,4.6191912692659634e-05,0.0004212543049751001,0.0004420241631387432,1.0612377922762222e-12,6.16611768569619e-13,8.013165870995486e-13,3.6161252082653187e-13,2.237913301829452e-12,2.652342028942077e-12,1.0232981591838952,0.9330773452417129,0.48847950063728635,0.3753836093354973,1.5504492776208267,1.771465477265262,0.0,0.0,0.0,0.0,0.0,0.0,nan,nan,nan,nan,nan,nan,nan,nan,nan,nan,nan,nan,nan,nan,nan,nan,nan,nan,nan,nan,nan,nan,nan,nan,nan,nan,nan,nan,nan,nan,nan,nan,nan,nan,nan,nan,nan,nan,nan,nan,nan,nan,nan,nan,nan,nan,nan,nan,nan,nan,nan,nan,nan,nan
fig2,fixed_pol_vp,0.0,y_nmse,y_nmse,4.9714630121374225e-06,4.653946656136499e-06,2.194089434262161e-06,2.58827311357197e-06,7.72323547437108e-06,8.752877913615828e-06,4.9714630121374225e-06,4.653946656136499e-06,2.194089434262161e-06,2.58827311357197e-06,7.72323547437108e-06,8.752877913615828e-06,1.0,0.0,nan,0.0,24,3,3,3,0.0002991046430057762,0.0002660007675912815,0.00017535682021756473,0.00010353238626345893,0.0005233744408687087,0.0005405803023070768,4.9714630121374225e-06,4.653946656136499e-06,2.194089434262161e-06,2.58827311357197e-06,7.72323547437108e-06,8.752877913615828e-06,0.00011453328977883443,0.00010751928681611587,8.084725249725767e-05,2.601803330726556e-05,0.00023670670837470193,0.000248497493057008,5.970303520650459e-13,3.449183067480032e-13,4.4997844735957146e-13,2.031115769604618e-13,1.2580367830807332e-12,1.492441815233285e-12,0.32359529059477593,0.29506496470513366,0.15447078113151672,0.11870671982167065,0.490295110235754,0.5601865666295716,0.0,0.0,0.0,0.0,0.0,0.0,nan,nan,nan,nan,nan,nan,nan,nan,nan,nan,nan,nan,nan,nan,nan,nan,nan,nan,nan,nan,nan,nan,nan,nan,nan,nan,nan,nan,nan,nan,nan,nan,nan,nan,nan,nan,nan,nan,nan,nan,nan,nan,nan,nan,nan,nan,nan,nan,nan,nan,nan,nan,nan,nan
fig2,fixed_pol_vp,5.0,y_nmse,y_nmse,1.5723824979083513e-06,1.4713231785444645e-06,6.939659064382696e-07,8.184953129804084e-07,2.4425773974341414e-06,2.7671976202667495e-06,1.5723824979083513e-06,1.4713231785444645e-06,6.939659064382696e-07,8.184953129804084e-07,2.4425773974341414e-06,2.7671976202667495e-06,1.0,0.0,nan,0.0,24,3,3,3,0.00016831276673430194,0.00014996238353462058,9.868537735773666e-05,5.8274587550466916e-05,0.00029445939766324544,0.0003042384598686529,1.5723824979083513e-06,1.4713231785444645e-06,6.939659064382696e-07,8.184953129804084e-07,2.4425773974341414e-06,2.7671976202667495e-06,6.441258730628971e-05,6.0498516617641654e-05,4.545072607214557e-05,1.4643924229295447e-05,0.00013305577410077188,0.00013971812811836197,3.3581351865811047e-13,1.9336995455623336e-13,2.5284197549593016e-13,1.1411414255988975e-13,7.073004048653505e-13,8.395482313599715e-13,0.10232981579269118,0.09330773467073308,0.048847950013778486,0.03753836075656394,0.15504492719441582,0.17714654583359332,0.0,0.0,0.0,0.0,0.0,0.0,nan,nan,nan,nan,nan,nan,nan,nan,nan,nan,nan,nan,nan,nan,nan,nan,nan,nan,nan,nan,nan,nan,nan,nan,nan,nan,nan,nan,nan,nan,nan,nan,nan,nan,nan,nan,nan,nan,nan,nan,nan,nan,nan,nan,nan,nan,nan,nan,nan,nan,nan,nan,nan,nan
fig2,fixed_pol_vp,10.0,y_nmse,y_nmse,4.972791450882791e-07,4.652049840715814e-07,2.1947505894446733e-07,2.588331294893911e-07,7.724591377691159e-07,8.749407298007906e-07,4.972791450882791e-07,4.652049840715814e-07,2.1947505894446733e-07,2.588331294893911e-07,7.724591377691159e-07,8.749407298007906e-07,1.0,0.0,nan,0.0,24,3,3,3,9.468533571154373e-05,8.445380114162858e-05,5.551851417189446e-05,3.278504884906347e-05,0.00016562574595685602,0.0001711661484551096,4.972791450882791e-07,4.652049840715814e-07,2.1947505894446733e-07,2.588331294893911e-07,7.724591377691159e-07,8.749407298007906e-07,3.6223786503184956e-05,3.403199888467856e-05,2.5554771577744828e-05,8.23941196796678e-06,7.480513028007151e-05,7.856227792557323e-05,1.8886697520835735e-13,1.0855156929078659e-13,1.421208903562591e-13,6.403646387620193e-14,3.9770028097671427e-13,4.722036222721051e-13,0.032359529036851055,0.029506496496211537,0.01544707810404911,0.01187067195061171,0.0490295109225689,0.05601865632439652,0.0,0.0,0.0,0.0,0.0,0.0,nan,nan,nan,nan,nan,nan,nan,nan,nan,nan,nan,nan,nan,nan,nan,nan,nan,nan,nan,nan,nan,nan,nan,nan,nan,nan,nan,nan,nan,nan,nan,nan,nan,nan,nan,nan,nan,nan,nan,nan,nan,nan,nan,nan,nan,nan,nan,nan,nan,nan,nan,nan,nan,nan
fig2,fixed_pol_vp,15.0,y_nmse,y_nmse,1.5726226947631147e-07,1.4709914234642906e-07,6.940831435423456e-08,8.185082910350025e-08,2.442819413410074e-07,2.766585388434467e-07,1.5726226947631147e-07,1.4709914234642906e-07,6.940831435423456e-08,8.185082910350025e-08,2.442819413410074e-07,2.766585388434467e-07,1.0,0.0,nan,0.0,24,3,3,3,5.325733654786504e-05,4.752939987871323e-05,3.122793989117237e-05,1.844255720586857e-05,9.315369982110849e-05,9.627933702746504e-05,1.5726226947631147e-07,1.4709914234642906e-07,6.940831435423456e-08,8.185082910350025e-08,2.442819413410074e-07,2.766585388434467e-07,2.0370796392448376e-05,1.914111131916657e-05,1.4369170023923588e-05,4.634579954894435e-06,4.2060635543284416e-05,4.417661789455049e-05,1.0621533241490716e-13,6.098331106830387e-14,7.990073299007645e-14,3.59677325719689e-14,2.236284287626112e-13,2.655681575009242e-13,0.010232981575218054,0.009330773471606737,0.004884794999737103,0.0037538360700366587,0.015504492701473934,0.017714654522958513,0.0,0.0,0.0,0.0,0.0,0.0,nan,nan,nan,nan,nan,nan,nan,nan,nan,nan,nan,nan,nan,nan,nan,nan,nan,nan,nan,nan,nan,nan,nan,nan,nan,nan,nan,nan,nan,nan,nan,nan,nan,nan,nan,nan,nan,nan,nan,nan,nan,nan,nan,nan,nan,nan,nan,nan,nan,nan,nan,nan,nan,nan
fig2,fixed_pol_vp,20.0,y_nmse,y_nmse,4.9732202482434997e-08,4.6514602581420953e-08,2.194959902475512e-08,2.588376304322408e-08,7.725018535001155e-08,8.748322158419759e-08,4.9732202482434997e-08,4.6514602581420953e-08,2.194959902475512e-08,2.588376304322408e-08,7.725018535001155e-08,8.748322158419759e-08,1.0,0.0,nan,0.0,24,3,3,3,2.995220455426394e-05,2.6740195261001966e-05,1.756297534014171e-05,1.0371784214189508e-05,5.238841966419709e-05,5.414944483039757e-05,4.9732202482434997e-08,4.6514602581420953e-08,2.194959902475512e-08,2.588376304322408e-08,7.725018535001155e-08,8.748322158419759e-08,1.145552217287913e-05,1.076492673903001e-05,8.079984387544628e-06,2.6067307498994524e-06,2.365058448265173e-05,2.4841691578993713e-05,5.973189473058996e-14,3.4274590789309454e-14,4.492519283464549e-14,2.0212664939889553e-14,1.257512905800184e-13,1.493491516197253e-13,0.0032359529029619715,0.002950649650423704,0.001544707810110932,0.0011870671940609966,0.004902951089061151,0.005601865621679187,0.0,0.0,0.0,0.0,0.0,0.0,nan,nan,nan,nan,nan,nan,nan,nan,nan,nan,nan,nan,nan,nan,nan,nan,nan,nan,nan,nan,nan,nan,nan,nan,nan,nan,nan,nan,nan,nan,nan,nan,nan,nan,nan,nan,nan,nan,nan,nan,nan,nan,nan,nan,nan,nan,nan,nan,nan,nan,nan,nan,nan,nan
fig2,free_jones_vp,-10.0,y_nmse,y_nmse,0.09171601613277576,0.004474887982168678,0.265135686630372,0.0005538009006094582,0.09167759433749745,0.8141053520590025,0.09171601613277576,0.004474887982168678,0.265135686630372,0.0005538009006094582,0.09167759433749745,0.8141053520590025,1.0,0.125,nan,0.0,24,3,3,3,0.10129669623445829,0.023804401113272554,0.2945793859100117,0.007026743108331008,0.11210490281681953,0.35444689082765246,0.09171601613277576,0.004474887982168678,0.265135686630372,0.0005538009006094582,0.09167759433749745,0.8141053520590025,0.04689901095736132,0.010814280239805203,0.12914648381973556,0.0013956354889865965,0.08343749922625723,0.16172031271846252,1.6404960272444947e-10,6.776830504032724e-12,6.884992594957894e-10,2.0901343062259265e-12,1.1964716440245267e-10,1.706579015120437e-10,3.2634451517589063,3.2060616628435423,1.5436159110226084,1.1881909808899258,4.904403741983756,5.602100908684118,0.125,0.0,0.33071891388307384,0.0,0.6999999999999993,1.0,nan,nan,nan,nan,nan,nan,nan,nan,nan,nan,nan,nan,nan,nan,nan,nan,nan,nan,nan,nan,nan,nan,nan,nan,nan,nan,nan,nan,nan,nan,nan,nan,nan,nan,nan,nan,nan,nan,nan,nan,nan,nan,nan,nan,nan,nan,nan,nan,nan,nan,nan,nan,nan,nan
fig2,free_jones_vp,-5.0,y_nmse,y_nmse,0.0025619156490541296,0.001559863324125066,0.0028656732222814224,5.825510421548436e-05,0.006625668169531243,0.00830684062324394,0.0025619156490541296,0.001559863324125066,0.0028656732222814224,5.825510421548436e-05,0.006625668169531243,0.00830684062324394,1.0,0.0,nan,0.0,24,3,3,3,0.01581527597633081,0.017689861484590008,0.010743682005036457,0.001369768589953267,0.027403712604205377,0.02805638516245244,0.0025619156490541296,0.001559863324125066,0.0028656732222814224,5.825510421548436e-05,0.006625668169531243,0.00830684062324394,0.004676833055791792,0.002999718041504208,0.004270130827982013,0.0009277286250178027,0.009213964935390577,0.012328376342219189,3.5295537530496277e-12,2.3933039280598854e-12,3.0897147284796848e-12,9.919595862956932e-13,5.8560282123795424e-12,7.214305859191757e-12,1.0241176875662223,0.9346042447733132,0.48866657815850634,0.37559809159550056,1.5504880604472968,1.7714835059202694,0.0,0.0,0.0,0.0,0.0,0.0,nan,nan,nan,nan,nan,nan,nan,nan,nan,nan,nan,nan,nan,nan,nan,nan,nan,nan,nan,nan,nan,nan,nan,nan,nan,nan,nan,nan,nan,nan,nan,nan,nan,nan,nan,nan,nan,nan,nan,nan,nan,nan,nan,nan,nan,nan,nan,nan,nan,nan,nan,nan,nan,nan
fig2,free_jones_vp,0.0,y_nmse,y_nmse,0.0017908096034610303,0.0013729259740307845,0.0017058253834833163,9.119595798814419e-06,0.004671218132570188,0.005058582795790901,0.0017908096034610303,0.0013729259740307845,0.0017058253834833163,9.119595798814419e-06,0.004671218132570188,0.005058582795790901,1.0,0.0,nan,0.0,24,3,3,3,0.013212769898364993,0.009454438848477159,0.010789855323094547,0.0004717071571440064,0.027858935583115623,0.028567784274290364,0.0017908096034610303,0.0013729259740307845,0.0017058253834833163,9.119595798814419e-06,0.004671218132570188,0.005058582795790901,0.0043591208304458945,0.0028309757134709684,0.003891037225361809,0.00010008389271558242,0.009554279703767385,0.011954311713813275,3.3947497009985157e-12,1.9788606871572313e-12,4.3421044816977085e-12,4.59506340055187e-13,5.413200848643997e-12,1.0711523672253937e-11,0.3241869144863288,0.29610587670102867,0.15466384766658017,0.11889639959915788,0.49068053154991437,0.5602023881885008,0.0,0.0,0.0,0.0,0.0,0.0,nan,nan,nan,nan,nan,nan,nan,nan,nan,nan,nan,nan,nan,nan,nan,nan,nan,nan,nan,nan,nan,nan,nan,nan,nan,nan,nan,nan,nan,nan,nan,nan,nan,nan,nan,nan,nan,nan,nan,nan,nan,nan,nan,nan,nan,nan,nan,nan,nan,nan,nan,nan,nan,nan
fig2,free_jones_vp,5.0,y_nmse,y_nmse,0.001143359840438709,0.0009365629234272467,0.0010189408118843868,5.942028733974893e-06,0.0024225158257648277,0.0028364008154623346,0.001143359840438709,0.0009365629234272467,0.0010189408118843868,5.942028733974893e-06,0.0024225158257648277,0.0028364008154623346,1.0,0.0,nan,0.0,24,3,3,3,0.012738700634659442,0.006994382456759993,0.010981340991979385,0.0004432700857304109,0.02681886254713964,0.027268174902844763,0.001143359840438709,0.0009365629234272467,0.0010189408118843868,5.942028733974893e-06,0.0024225158257648277,0.0028364008154623346,0.002747592354108802,0.0022738473953870233,0.00214029308474732,0.00034205125258789646,0.005480152153082385,0.006449408324480964,2.4478274463425484e-12,1.8348518362749914e-12,2.489491913590376e-12,3.1911738537062704e-13,4.908041024800284e-12,6.294660953309408e-12,0.10269983424434852,0.09392369804637052,0.04893337336279046,0.037619083022374274,0.15520243073989767,0.1771618468961138,0.0,0.0,0.0,0.0,0.0,0.0,nan,nan,nan,nan,nan,nan,nan,nan,nan,nan,nan,nan,nan,nan,nan,nan,nan,nan,nan,nan,nan,nan,nan,nan,nan,nan,nan,nan,nan,nan,nan,nan,nan,nan,nan,nan,nan,nan,nan,nan,nan,nan,nan,nan,nan,nan,nan,nan,nan,nan,nan,nan,nan,nan
fig2,free_jones_vp,10.0,y_nmse,y_nmse,0.0007998735731515539,0.0005167697504056246,0.0009077712187367576,1.5868911470907405e-06,0.002265119619470663,0.002505536853833999,0.0007998735731515539,0.0005167697504056246,0.0009077712187367576,1.5868911470907405e-06,0.002265119619470663,0.002505536853833999,1.0,0.0,nan,0.0,24,3,3,3,0.00964859684917893,0.0039015741063680655,0.010622378372534916,0.00020405459187441207,0.026162871167526705,0.026757487070071848,0.0007998735731515539,0.0005167697504056246,0.0009077712187367576,1.5868911470907405e-06,0.002265119619470663,0.002505536853833999,0.002367005670625293,0.002169911993494209,0.0017764799841337806,0.00012817374030087088,0.004600305617138789,0.005421876334845117,1.7316172160866877e-12,1.643836772259119e-12,1.4498200967557407e-12,1.8745164643587028e-13,3.532948704994065e-12,4.3803421232214776e-12,0.03261069597850436,0.030063549683160003,0.015515839689527867,0.012036692098736703,0.04939534272347166,0.056024323271979634,0.0,0.0,0.0,0.0,0.0,0.0,nan,nan,nan,nan,nan,nan,nan,nan,nan,nan,nan,nan,nan,nan,nan,nan,nan,nan,nan,nan,nan,nan,nan,nan,nan,nan,nan,nan,nan,nan,nan,nan,nan,nan,nan,nan,nan,nan,nan,nan,nan,nan,nan,nan,nan,nan,nan,nan,nan,nan,nan,nan,nan,nan
fig2,free_jones_vp,15.0,y_nmse,y_nmse,0.0007309892868045918,7.252929401399754e-05,0.00098544489802594,3.722697533202519e-07,0.0022332081684155055,0.0026804755993843445,0.0007309892868045918,7.252929401399754e-05,0.00098544489802594,3.722697533202519e-07,0.0022332081684155055,0.0026804755993843445,1.0,0.0,nan,0.0,24,3,3,3,0.008579754565567865,0.0014909318126987117,0.010909670087286655,0.00012111290923070516,0.026532081756596132,0.02668367424783849,0.0007309892868045918,7.252929401399754e-05,0.00098544489802594,3.722697533202519e-07,0.0022332081684155055,0.0026804755993843445,0.0016394202181235936,0.0011687096132462732,0.0015891665718250827,6.045077766649139e-05,0.0035427564863380005,0.005327314678077825,1.5971610364279416e-12,8.794466497290254e-13,1.7127036446140213e-12,6.700216044320004e-14,4.438782570397834e-12,5.1846893519470695e-12,0.010466446310096716,0.009812072505301242,0.004940370451773047,0.0037829422076949924,0.01565495944412192,0.017719867075821842,0.0,0.0,0.0,0.0,0.0,0.0,nan,nan,nan,nan,nan,nan,nan,nan,nan,nan,nan,nan,nan,nan,nan,nan,nan,nan,nan,nan,nan,nan,nan,nan,nan,nan,nan,nan,nan,nan,nan,nan,nan,nan,nan,nan,nan,nan,nan,nan,nan,nan,nan,nan,nan,nan,nan,nan,nan,nan,nan,nan,nan,nan
fig2,free_jones_vp,20.0,y_nmse,y_nmse,0.0006171338645404933,2.911566059768097e-05,0.0009555397233245783,1.3913990371885972e-07,0.0021013812877917373,0.0025809831427229544,0.0006171338645404933,2.911566059768097e-05,0.0009555397233245783,1.3913990371885972e-07,0.0021013812877917373,0.0025809831427229544,1.0,0.0,nan,0.0,24,3,3,3,0.007846719090607414,0.0010022255822926098,0.010877750583098172,8.928253320504974e-05,0.02650226309720101,0.02667341485514241,0.0006171338645404933,2.911566059768097e-05,0.0009555397233245783,1.3913990371885972e-07,0.0021013812877917373,0.0025809831427229544,0.0012463708318380272,0.0008585451266835368,0.001117608198938794,4.514075158486244e-05,0.002903561433010115,0.003113685389409711,1.1534672633382334e-12,5.036093442826548e-13,1.1688987178704876e-12,7.052792780538222e-14,2.873470557972594e-12,3.010757600555254e-12,0.0034559591944691194,0.0032527596678496072,0.0016903186146719,0.0012168343928030357,0.005752093126465982,0.0059653702968108175,0.0,0.0,0.0,0.0,0.0,0.0,nan,nan,nan,nan,nan,nan,nan,nan,nan,nan,nan,nan,nan,nan,nan,nan,nan,nan,nan,nan,nan,nan,nan,nan,nan,nan,nan,nan,nan,nan,nan,nan,nan,nan,nan,nan,nan,nan,nan,nan,nan,nan,nan,nan,nan,nan,nan,nan,nan,nan,nan,nan,nan,nan
fig2,stage1_only,-10.0,y_nmse,y_nmse,0.04213374372814588,0.004802680752016158,0.16848295262727433,0.000775206326257486,0.025173706456436,0.03139188748420865,0.04213374372814588,0.004802680752016158,0.16848295262727433,0.000775206326257486,0.025173706456436,0.03139188748420865,1.0,1.0,nan,0.0,24,3,3,3,0.35413676564537583,0.21482449052259867,0.22265896484070313,0.20604838470044437,0.5407388670554372,0.8018886299583349,0.04213374372814588,0.004802680752016158,0.16848295262727433,0.000775206326257486,0.025173706456436,0.03139188748420865,0.18388969494277674,0.0940511350971523,0.312231735525748,0.05389884869293198,0.186342219526999,0.8457270438426263,4.569785001803727e-09,1.605106973099153e-10,1.4626136466000061e-08,4.8369811098341904e-11,1.0352663276506487e-09,3.686784983131134e-08,3.2490783809317136,3.073267273028747,1.546693237257938,1.1873392165713923,4.904162521240622,5.602193640793316,1.0,1.0,0.0,1.0,1.0,1.0,nan,nan,nan,nan,nan,nan,nan,nan,nan,nan,nan,nan,nan,nan,nan,nan,nan,nan,nan,nan,nan,nan,nan,nan,nan,nan,nan,nan,nan,nan,nan,nan,nan,nan,nan,nan,nan,nan,nan,nan,nan,nan,nan,nan,nan,nan,nan,nan,nan,nan,nan,nan,nan,nan
fig2,stage1_only,-5.0,y_nmse,y_nmse,0.0006742865163633832,0.00037713023760799897,0.0007252589613525092,0.00012495611006347116,0.0013187357144024458,0.0021733995110686175,0.0006742865163633832,0.00037713023760799897,0.0007252589613525092,0.00012495611006347116,0.0013187357144024458,0.0021733995110686175,1.0,1.0,nan,0.0,24,3,3,3,0.27352791569743345,0.20523196031716315,0.132651073179605,0.20122988592869953,0.5323233163947343,0.5335594986834207,0.0006742865163633832,0.00037713023760799897,0.0007252589613525092,0.00012495611006347116,0.0013187357144024458,0.0021733995110686175,0.05466458027870726,0.04332055055974102,0.02708214706848344,0.030155656319426516,0.09653872599701568,0.10412084246505016,8.998159828343204e-11,4.443176262120172e-11,1.560251823849919e-10,1.5034178291923386e-11,1.1758244026391245e-10,2.4398440595087177e-10,1.0235248162073276,0.9334381397645453,0.4886119287470699,0.37541027513266295,1.5509299887323706,1.7715078268909905,1.0,1.0,0.0,1.0,1.0,1.0,nan,nan,nan,nan,nan,nan,nan,nan,nan,nan,nan,nan,nan,nan,nan,nan,nan,nan,nan,nan,nan,nan,nan,nan,nan,nan,nan,nan,nan,nan,nan,nan,nan,nan,nan,nan,nan,nan,nan,nan,nan,nan,nan,nan,nan,nan,nan,nan,nan,nan,nan,nan,nan,nan
fig2,stage1_only,0.0,y_nmse,y_nmse,0.00011788625961317123,7.337768529794717e-05,0.00010129537630822331,3.476640684688999e-05,0.0002552293231285833,0.0002967743506822693,0.00011788625961317123,7.337768529794717e-05,0.00010129537630822331,3.476640684688999e-05,0.0002552293231285833,0.0002967743506822693,1.0,1.0,nan,0.0,24,3,3,3,0.2848547112011096,0.20271856667168672,0.14301550025025397,0.20010778847477242,0.5328010003829731,0.5331809623682111,0.00011788625961317123,7.337768529794717e-05,0.00010129537630822331,3.476640684688999e-05,0.0002552293231285833,0.0002967743506822693,0.03122510194118114,0.023791548490611526,0.0157999913259116,0.016809865005841498,0.05530058492907558,0.06163568348479178,2.406730524193666e-11,2.1754731828261395e-11,1.860888558097127e-11,7.457547506998726e-12,4.244783589199332e-11,4.5583535569228433e-11,0.323630756122382,0.295131048548924,0.1544851818502524,0.11871261116603879,0.4903085336204979,0.5601973228640407,1.0,1.0,0.0,1.0,1.0,1.0,nan,nan,nan,nan,nan,nan,nan,nan,nan,nan,nan,nan,nan,nan,nan,nan,nan,nan,nan,nan,nan,nan,nan,nan,nan,nan,nan,nan,nan,nan,nan,nan,nan,nan,nan,nan,nan,nan,nan,nan,nan,nan,nan,nan,nan,nan,nan,nan,nan,nan,nan,nan,nan,nan
fig2,stage1_only,5.0,y_nmse,y_nmse,3.421138026495591e-05,2.0546135519043147e-05,3.0092859802807706e-05,7.87013746977201e-06,7.858966927576509e-05,9.10800227329725e-05,3.421138026495591e-05,2.0546135519043147e-05,3.0092859802807706e-05,7.87013746977201e-06,7.858966927576509e-05,9.10800227329725e-05,1.0,1.0,nan,0.0,24,3,3,3,0.28403313553406234,0.2014053444040247,0.14376860947412354,0.2000430091365945,0.5332059732062259,0.5334452907124568,3.421138026495591e-05,2.0546135519043147e-05,3.0092859802807706e-05,7.87013746977201e-06,7.858966927576509e-05,9.10800227329725e-05,0.017616207816272926,0.013389308334992196,0.009102685576879155,0.009264570980137403,0.03161563721660998,0.03444797560724088,1.1949282402073465e-11,1.0364673872461542e-11,8.713265221442595e-12,4.193571769240424e-12,2.09045816535837e-11,2.4625338664797937e-11,0.10234013943773239,0.09332547320701473,0.04885210873425257,0.03754010666621748,0.15505065957635303,0.17714993146358102,1.0,1.0,0.0,1.0,1.0,1.0,nan,nan,nan,nan,nan,nan,nan,nan,nan,nan,nan,nan,nan,nan,nan,nan,nan,nan,nan,nan,nan,nan,nan,nan,nan,nan,nan,nan,nan,nan,nan,nan,nan,nan,nan,nan,nan,nan,nan,nan,nan,nan,nan,nan,nan,nan,nan,nan,nan,nan,nan,nan,nan,nan
fig2,stage1_only,10.0,y_nmse,y_nmse,1.0680151662785962e-05,6.5473121005610935e-06,9.387689043775433e-06,2.484681644010717e-06,2.4990087592003698e-05,2.8706483605715463e-05,1.0680151662785962e-05,6.5473121005610935e-06,9.387689043775433e-06,2.484681644010717e-06,2.4990087592003698e-05,2.8706483605715463e-05,1.0,1.0,nan,0.0,24,3,3,3,0.2698425226958459,0.20051135375285445,0.13519719641850292,0.2000188929022266,0.5331513387605505,0.5334187459408464,1.0680151662785962e-05,6.5473121005610935e-06,9.387689043775433e-06,2.484681644010717e-06,2.4990087592003698e-05,2.8706483605715463e-05,0.009926408389161012,0.007530326556448698,0.005207020408648702,0.005144469092019026,0.017943663020771782,0.01907855492376942,6.561977189299063e-12,5.547199296510883e-12,4.688774604846987e-12,2.2211065728265083e-12,1.1679188963329897e-11,1.365456679280821e-11,0.03236275638312504,0.029511736840530295,0.01544836702415574,0.01187122733532095,0.049031719952949714,0.056019761492234525,1.0,1.0,0.0,1.0,1.0,1.0,nan,nan,nan,nan,nan,nan,nan,nan,nan,nan,nan,nan,nan,nan,nan,nan,nan,nan,nan,nan,nan,nan,nan,nan,nan,nan,nan,nan,nan,nan,nan,nan,nan,nan,nan,nan,nan,nan,nan,nan,nan,nan,nan,nan,nan,nan,nan,nan,nan,nan,nan,nan,nan,nan
fig2,stage1_only,15.0,y_nmse,y_nmse,3.3821257659710555e-06,2.0817084715892895e-06,2.954084516329459e-06,8.067521270550366e-07,7.95806386353155e-06,9.093077850026202e-06,3.3821257659710555e-06,2.0817084715892895e-06,2.954084516329459e-06,8.067521270550366e-07,7.95806386353155e-06,9.093077850026202e-06,1.0,1.0,nan,0.0,24,3,3,3,0.2973566551107974,0.20043739974409336,0.15130741372510234,0.20000909616474546,0.5332880561920397,0.5333646426190934,3.3821257659710555e-06,2.0817084715892895e-06,2.954084516329459e-06,8.067521270550366e-07,7.95806386353155e-06,9.093077850026202e-06,0.005589491678786094,0.004234816339649427,0.002960992837668072,0.0028709283090196233,0.010149514349984632,0.010638094956505332,3.646180971213953e-12,2.9381949412387696e-12,2.595623162447417e-12,9.395128605859729e-13,6.748517209837066e-12,7.698376541515416e-12,0.010234003174104325,0.00933237294300202,0.004885199146033009,0.0037540143779866073,0.015505262329328078,0.01771501405218577,1.0,1.0,0.0,1.0,1.0,1.0,nan,nan,nan,nan,nan,nan,nan,nan,nan,nan,nan,nan,nan,nan,nan,nan,nan,nan,nan,nan,nan,nan,nan,nan,nan,nan,nan,nan,nan,nan,nan,nan,nan,nan,nan,nan,nan,nan,nan,nan,nan,nan,nan,nan,nan,nan,nan,nan,nan,nan,nan,nan,nan,nan
fig2,stage1_only,20.0,y_nmse,y_nmse,1.0730578260112417e-06,6.615151324517699e-07,9.321080166097276e-07,2.6060804130783045e-07,2.527918939352041e-06,2.88093627724394e-06,1.0730578260112417e-06,6.615151324517699e-07,9.321080166097276e-07,2.6060804130783045e-07,2.527918939352041e-06,2.88093627724394e-06,1.0,1.0,nan,0.0,24,3,3,3,0.2972942500638408,0.2001852759978741,0.15141154977110902,0.20000471940997708,0.5333073554489929,0.5333455416321496,1.0730578260112417e-06,6.615151324517699e-07,9.321080166097276e-07,2.6060804130783045e-07,2.527918939352041e-06,2.88093627724394e-06,0.00314575602505649,0.002381583292816564,0.0016759102690967434,0.0016071318501974091,0.005725930519347856,0.005953065502797166,2.0404807818975593e-12,1.7180105240339728e-12,1.4454194451086557e-12,4.75192733047671e-13,3.797599085853369e-12,4.324013063254156e-12,0.0032362768083495654,0.0029511456696496045,0.0015448350511678426,0.0011871242554070346,0.0049032071367495125,0.0056019815322358784,1.0,1.0,0.0,1.0,1.0,1.0,nan,nan,nan,nan,nan,nan,nan,nan,nan,nan,nan,nan,nan,nan,nan,nan,nan,nan,nan,nan,nan,nan,nan,nan,nan,nan,nan,nan,nan,nan,nan,nan,nan,nan,nan,nan,nan,nan,nan,nan,nan,nan,nan,nan,nan,nan,nan,nan,nan,nan,nan,nan,nan,nan
