trial_id,seed,snr_db,failed,error,shared_data_hash,delta_position_error_m,delta_clock_error_ns,delta_range_rmse_m,delta_tau_rmse_s,delta_channel_y_nmse,delta_raw_objective,delta_regularized_objective,delta_route_runtime_s,delta_deployment_runtime_s,ccop_position_win,ccop_clock_win,ccop_channel_win,ccop_raw_objective_win,ccop_regularized_objective_non_degradation,ccop_incremental_runtime_win,old_outlier,ccop_outlier,outlier_rescued,outlier_introduced
0,4191845062,-10.0,False,,4c6db7d8cd15b9654b28,-0.03520477199123736,-0.10950598532336783,-0.029062361768366393,-2.8119097821142305e-11,-0.021523655067213262,-0.007638057592260328,-0.007636935888855945,0.026327911065891385,0.615971805062145,True,True,True,True,True,False,False,False,False,False
1,1963740598,-10.0,False,,213639ecff5da63977c6,-0.0001558232058331832,-0.04839293635394372,-0.010338467846155941,-6.577923738260417e-12,-0.00546792100173521,-0.0017968347345278524,-0.0017956876136624444,0.008050851756706834,0.4918985159602016,True,True,True,True,True,False,True,True,False,False
2,1670551931,-10.0,False,,550cf4d5f38ed26d977b,-0.014882952339826226,-0.04501979284098616,-0.012340673817835853,-8.31125210966937e-12,-0.003842833992609709,-0.001891573094673582,-0.0018913165384777386,0.12822294095531106,0.5630116979591548,True,True,True,True,True,False,False,False,False,False
3,268311551,-10.0,False,,3bdd1c0ac613bf8c9d7e,-0.008020179530449497,-0.0007513045028722529,-0.001524045821215527,-2.5968595707056394e-13,-0.00017113823285956658,-0.0001346682704754798,-0.00013469068414195817,0.15448652300983667,0.5634005300235003,True,True,True,True,True,False,False,False,False,False
4,2546022630,-10.0,False,,1a8c5623f1d65c476a1f,-0.010510126541136802,-0.02390881184994689,-0.007505321454664357,-2.4985742370823755e-12,-0.003455088910178398,-0.001569947190275478,-0.0015699329213560986,0.07310555316507816,0.5151494680903852,True,True,True,True,True,False,False,False,False,False
5,2003832857,-10.0,False,,27ce6a9f440e86015a74,-1.6753596929985903e-05,0.010722839424715296,0.001593599308053091,1.831541932511691e-12,-0.0001674662580238434,-7.855291195291159e-05,-7.870243201679727e-05,0.06323345913551748,0.444377691950649,True,False,True,True,True,False,True,True,False,False
6,3924407702,-10.0,False,,7f031cad3b07b0158f3b,-0.00789923692743739,-0.026212718103162537,-0.007180895872745347,-2.0134180818167173e-12,-0.0013251833045499098,-0.0009508793961581219,-0.0009505072031013029,0.1737557917367667,0.5539219337515533,True,True,True,True,True,False,False,False,False,False
7,3053707144,-10.0,False,,543dd0de7252b5ba6462,0.04723026971452848,0.10814989028576116,0.047037842266086094,4.8706311203535185e-11,-0.003469875774180675,-0.0012887404710877348,-0.001286951417917237,-0.5864981040358543,0.49001927906647325,False,False,True,True,True,True,True,True,False,False
8,3315122986,-10.0,False,,76eb89a21dc97517c109,-0.0875187227186796,-0.2764154822497533,-0.07890312833959973,-2.2919819538013724e-11,-0.08959234552541953,-0.015256695198623715,-0.01525554157826714,0.18327366514131427,0.600677102105692,True,True,True,True,True,False,False,False,False,False
9,1804969292,-10.0,False,,7145023eb999cc019123,-0.030522305725322642,-0.08124498782596144,-0.02347103813706936,-2.7992424836188337e-11,-0.07124139164683924,-0.032283145751963005,-0.0314904888419667,-0.027818765258416533,0.5124903058167547,True,True,True,True,True,True,False,False,False,False
10,1162771679,-10.0,False,,742ba987bca3dc899baa,-0.004281335853213726,-0.00859926259746682,-0.0024013194116917756,-1.527951859092541e-13,-0.0005596192047358188,-0.00012357774507076869,-0.0001235686302063499,0.06479348591528833,0.46646820404566824,True,True,True,True,True,False,False,False,False,False
11,2669766368,-10.0,False,,c0ed81e57d07ff835dc5,-0.05536459238351,-0.1727544762600757,-0.04434821288394638,-4.502292741833728e-11,-0.043013766113828414,-0.01948794176126878,-0.01948656613088584,0.03548731398768723,0.608744554920122,True,True,True,True,True,False,False,False,False,False
12,795438795,-10.0,False,,52e48856373a76d12405,-0.05763963620745091,-0.18870159772528566,-0.04941318676863275,-4.9048108712514556e-11,-0.04566681357581679,-0.020304200901368752,-0.020292589967221275,0.11514756991527975,0.5555965590756387,True,True,True,True,True,False,False,False,False,False
13,2634590860,-10.0,False,,6fe906c4406fa966afe9,-0.30271131345755636,-0.04453931878959881,-0.017106703568619517,-2.3572135145351202e-11,-0.052915259390549814,-0.021439194592591804,-0.021433927333999847,0.22517949994653463,0.6920190819073468,True,True,True,True,True,False,True,False,True,False
14,3257551814,-10.0,False,,a9baa86001aa8d36a2e7,-0.00047875530509189357,0.004188927491212233,-0.0005740526918372665,7.676176723768705e-12,-0.021805762156313233,-0.0018923029280143444,-0.0018923828537250609,-0.017550067976117134,0.3771353280171752,True,False,True,True,True,True,True,True,False,False
15,666460866,-10.0,False,,f5970d03535acf675b58,-0.0109981818133578,-0.03381425551806812,-0.010349736884689814,-1.344024142286526e-12,-0.006414261639833471,-0.0032304364960902276,-0.0032304382566632484,0.12099397811107337,0.5145392359700054,True,True,True,True,True,False,False,False,False,False
16,4165246433,-10.0,False,,297bc485804c054bbaea,-0.009844497857331895,-0.028786107072470604,-0.008124523731894498,-3.2762217890107595e-12,-0.0010461697670902193,-0.0001711890068616384,-0.00017133150117487617,-0.0061121799517422915,0.5849511490669101,True,True,True,True,True,True,False,False,False,False
17,3618397615,-10.0,False,,4fb5687bb6e6af7db828,-0.05953636790634627,-0.1710675002290665,-0.04995961494004279,-4.049425291078701e-11,-0.163321534895886,-0.0706408256727098,-0.07063735945418514,0.13219193718396127,0.5115360452327877,True,True,True,True,True,False,False,False,False,False
18,607131593,-10.0,False,,095f9183b36373d2b4d6,-0.037694137270642206,-0.11958698021181097,-0.03348234216509674,-1.3646039025118734e-11,-0.03596664257102556,-0.00241964429457886,-0.002419794292754962,0.16260939673520625,0.5409111129119992,True,True,True,True,True,False,False,False,False,False
19,2520533696,-10.0,False,,df422399c7a07e6552ea,-0.008245531046473147,-0.024416458411740588,-0.007442322933761152,-2.3974767868841824e-12,-0.0022190764345850445,-0.0007707825982894434,-0.0007709742052255386,-0.08759779273532331,0.5289823701605201,True,True,True,True,True,True,False,False,False,False
20,1953334482,-10.0,False,,8f08ce16cc2f6d8c0022,-0.014055236103120448,-0.042759373918872225,-0.012561615591598168,-2.2954091118726765e-12,-0.006800663398432198,-0.0010649294412574672,-0.0010650547856796422,0.0434308759868145,0.4872697109822184,True,True,True,True,True,False,False,False,False,False
21,1157340362,-10.0,False,,512b7eccd0e00ec8dab6,-0.011906449859187873,-0.1667245286764003,0.08514257644226564,1.8487370466911852e-10,-0.0035587888592522043,-0.0008381867882127914,-0.0007498788604514139,0.20941816898994148,0.5495379550848156,True,True,True,True,True,False,True,True,False,False
22,2486019150,-10.0,False,,851f3469b008f257f0ba,-0.049302282768100315,-0.15091727252787696,-0.04407715353049073,-1.1722072500534611e-11,-0.028679984964796557,-0.008134722621857549,-0.008134248444437553,0.1644028949085623,0.5576976670417935,True,True,True,True,True,False,False,False,False,False
23,3565776097,-10.0,False,,d61c746fd39edda703ad,-0.0003643703878126736,-0.0660893184215355,-0.01576851069179247,-4.319441818452253e-12,-0.012048982171094083,-0.001435635214683817,-0.0014357482984082015,-0.10360561264678836,0.35357907717116177,True,True,True,True,True,True,True,True,False,False
24,1017552053,-10.0,False,,c7d59d3385c59363c718,-0.037835286832116476,-0.11182614449494803,-0.031728754709040595,-2.5884355437132563e-11,-0.043913425375657344,-0.003083193793290251,-0.0030831072239229096,0.12058795592747629,0.502092736074701,True,True,True,True,True,False,False,False,False,False
25,495786482,-10.0,False,,ac30c9577527b42b29ad,-0.007851291136784887,-0.01933074517138984,-0.006057825213667705,-3.843688929212094e-12,-0.0023461761443865376,-0.0006402102977700608,-0.0006402782560788189,-0.04492029291577637,0.46422165096737444,True,True,True,True,True,True,False,False,False,False
26,2384823148,-10.0,False,,19dac44ca185318ba8b9,-0.28766126599462094,-0.6863801615934234,-0.16028740547762993,-2.4931317909142967e-10,-0.08215455115550954,-0.013267856642007025,-0.01326481919279865,0.2265820591710508,0.7371352901682258,True,True,True,True,True,False,True,False,True,False
27,3468878064,-10.0,False,,bde61e6d52f3113939a2,-0.03908071936113424,-0.11890386449876228,-0.034760660581859,-1.1689010284452912e-11,-0.032498317516965844,-0.010582261028368567,-0.010582023882624636,0.12445770902559161,0.5116615630686283,True,True,True,True,True,False,False,False,False,False
28,1456778205,-10.0,False,,9d2f6525f6fee9781388,-0.001104075581844538,-0.004901118094633588,-0.001300757454265115,-3.83253883014325e-13,-9.09824642552375e-05,-1.1709267620396702e-05,-1.1698008845373309e-05,-0.3459714481141418,0.49109093798324466,True,True,True,True,True,True,False,False,False,False
29,3705980607,-10.0,False,,6f1d248fa2b040b92842,-0.04001862640493461,-0.13057760336334848,-0.03572303942315167,-2.61415062072487e-11,-0.04020572996150039,-0.008905111982382863,-0.00890548552376691,0.07369760796427727,0.46811956097371876,True,True,True,True,True,False,False,False,False,False
30,1122580844,-10.0,False,,35626ff7c946bed91f57,-0.04383162921663582,-0.1208814108398075,-0.036322699254967485,-2.8677808404158695e-11,-0.07689416114789661,-0.017349775134590573,-0.01734959836133676,0.15487694391049445,0.5321515598334372,True,True,True,True,True,False,False,False,False,False
31,1327027453,-10.0,False,,06e970d888c0fd2abada,-0.017859869107366467,-0.06304066478547131,-0.0162630305303466,-5.9280788695899166e-12,-0.005867388224832845,-0.0023691302537391934,-0.0023693536645188473,0.09085239376872778,0.4668601779267192,True,True,True,True,True,False,False,False,False,False
32,1372647326,-10.0,False,,b8765aae333ef88a7b99,-0.7252252594248738,-4.9935277616348515,-0.5982666512407451,-3.0718966853612713e-09,-0.9673213149483469,-0.3796151744250955,-0.3679829022448935,0.393196759512648,0.910145771689713,True,True,True,True,True,False,True,False,True,False
33,680502834,-10.0,False,,3bd198cd98760eb4ea49,-4.969429087808841e-05,-0.022978161688471596,-0.004669453072340603,-1.2624437683994382e-12,-0.0017622346358044244,-0.0003139299365191306,-0.00031398485271139087,-0.04554670909419656,0.43608124693855643,True,True,True,True,True,True,True,True,False,False
34,605831450,-10.0,False,,8754e384ece52e6f7025,-3.2600716833419696e-05,0.022420113858464912,0.003588557878268707,3.2307293799392214e-12,-0.0013276273373767668,-0.00010681080173735591,-0.00010685602324567167,0.0071156760677695274,0.37818770622834563,True,False,True,True,True,False,True,True,False,False
35,2353888381,-10.0,False,,61190fecd1935aa10b08,-0.013654622018248175,-0.01802370192495418,-0.005197661467242638,-3.1627937038539175e-12,-0.0005811811663496352,-0.00036877414592151325,-0.0003685424985917507,0.05905395210720599,0.6009803300257772,True,True,True,True,True,False,False,False,False,False
36,983570348,-10.0,False,,cb905bd22c4b6f7b3c76,-2.167179165013522e-07,0.002492597543039137,0.0005859760130557633,6.762575159559125e-13,-0.00020208878786297235,-1.7153338554232178e-05,-1.7139108880126486e-05,-0.11375292297452688,0.39758914103731513,True,False,True,True,True,True,True,True,False,False
37,286724587,-10.0,False,,85447a8acccbf8659905,-0.043648562717827,-0.10561354452285864,-0.02757775938188277,-2.8758990936042966e-11,-0.024805804793929794,-0.006725745621745993,-0.006725922879693869,0.012267776764929295,0.5569054668303579,True,True,True,True,True,False,False,False,False,False
38,1881511804,-10.0,False,,a61b1b413bcbc188e15e,-0.0016049666760042504,-0.008142711513192732,-0.0012379700966330155,-7.86228303784443e-13,-6.331582810377799e-05,-3.141025627195759e-05,-3.141866744149624e-05,0.15436036605387926,0.534961154917255,True,True,True,True,True,False,False,False,False,False
39,2130163541,-10.0,False,,bb9f656d0909c398b1cf,-0.00039335464622647365,-0.07199845043449904,-0.016569449172542498,-4.360125571117341e-12,-0.016608683119717305,-0.0017766151734095459,-0.0017765693057996135,-0.04679828672669828,0.35476691205985844,True,True,True,True,True,True,True,True,False,False
40,1671808693,-10.0,False,,5e3e994b7d11e0120151,-0.03299911329194201,-0.10504300437497853,-0.030077547606004444,-7.642617016021093e-12,-0.01968845948607327,-0.002811311702365149,-0.002811493418339639,0.13564397487789392,0.5328996779862791,True,True,True,True,True,False,False,False,False,False
41,1052834405,-10.0,False,,60e163a18b2436ef044e,-0.007678658628936752,-0.015583843211440846,-0.006919211114366504,-1.0971661871298069e-12,-0.0019028374043475735,-0.0009010588444029466,-0.000901307353261771,0.10187738807871938,0.4883965100161731,True,True,True,True,True,False,False,False,False,False
42,4028604297,-10.0,False,,4eeca731f2fc503f7844,-0.025382894046601157,-0.0665646301583517,-0.02019370754532213,-1.539446712387953e-11,-0.018343371023069342,-0.008695359640848999,-0.008695535888630701,-0.0034187939018011093,0.5836109479423612,True,True,True,True,True,True,False,False,False,False
43,1419952921,-10.0,False,,d028429f447fd53cd312,-0.04478959776794291,-0.13683723400107137,-0.039786652006717174,-1.8169793985092523e-11,-0.0410001362011858,-0.021195898787256695,-0.02119354969757037,0.13173038489185274,0.5339269659016281,True,True,True,True,True,False,False,False,False,False
44,3890653440,-10.0,False,,7575a9b2caff66e2286e,-0.016889484082360826,-0.052125080780421655,-0.015240409171477258,-4.94060386905256e-12,-0.0049263191345721045,-0.0007446865080451559,-0.0007443734887424558,0.17011054302565753,0.533880592091009,True,True,True,True,True,False,False,False,False,False
45,4183453817,-10.0,False,,2a59fdf1eacc03cddb6a,-0.04192543257285419,-0.11802310313328626,-0.03552411783524749,-2.2031657712535594e-11,-0.09682961518909575,-0.05918077067510907,-0.05917516634872477,0.14501352794468403,0.5339789891149849,True,True,True,True,True,False,False,False,False,False
46,2935528983,-10.0,False,,b39cbd612119a98f7fec,-0.046063535950636725,-0.055636930504587824,0.0037549994389707887,-1.1531090462005362e-11,-0.008413188080413013,-0.002946253815001132,-0.002940805709924721,0.10045535187236965,0.49027335876598954,True,True,True,True,True,False,True,True,False,False
47,2160397598,-10.0,False,,9271a06940ac2c66f572,-0.004383581172817969,-0.014453310165813055,-0.0032405740286784762,-3.5031582666504074e-13,-0.0005777835467603317,-8.848000631589414e-05,-8.847914551335379e-05,0.17135712900198996,0.5575468670576811,True,True,True,True,True,False,False,False,False,False
48,81257469,-10.0,False,,d15856227eb9ea034f8e,-0.010295228148024518,-0.029653508944260616,-0.008838989069934291,-3.765242974885074e-12,-0.005069548088715641,-0.0019925083008573985,-0.001991816056926332,0.10022318200208247,0.5568722959142178,True,True,True,True,True,False,False,False,False,False
49,2856970602,-10.0,False,,297c9472ff774d127204,-5.837854784840335e-05,-0.009146487408499382,-0.003389314127240025,-7.032898552653067e-12,-0.011827054470114902,-0.005884554697682454,-0.0058834677599755025,-0.003867805004119873,0.3772015329450369,True,True,True,True,True,True,True,True,False,False
50,1106178032,-10.0,False,,fe0fe7e6d5c593ed832d,-0.0007225048402044187,-0.024564995235583295,-0.0034225505547829695,1.0773754506317338e-11,-0.04378768847958643,-0.011672037210877395,-0.01167223575311871,0.0322343991138041,0.42048672400414944,True,True,True,True,True,False,True,True,False,False
51,2563947575,-10.0,False,,7dd14641d6392364481b,-8.026483711010002e-08,0.00013146026759909904,2.7479675557991884e-05,2.7916067865087693e-14,-2.2600972383150786e-06,-1.0512639203597018e-07,-1.0436573916194902e-07,-0.24092845572158694,0.3551804660819471,True,False,True,True,True,True,True,True,False,False
52,2538379628,-10.0,False,,256d6244bb41fc64abb5,-0.030897598658749106,-0.09728869872924231,-0.027837341034701132,-6.267755124028039e-12,-0.013543424484971232,-0.002154668788471925,-0.0021546339213496246,0.10430403635837138,0.49060960416682065,True,True,True,True,True,False,False,False,False,False
53,2118589924,-10.0,False,,c1d554331b95cd66e01f,-0.023441556215486666,-0.07633586218476135,-0.01999803548910697,-1.916259533159077e-11,-0.010787619503536208,-0.005313235246983794,-0.005312518550574907,0.0347235428635031,0.3986781348939985,True,True,True,True,True,False,False,False,False,False
54,4045394661,-10.0,False,,1b9934177e49bb06a889,-0.019915481229434803,-0.060572307881535524,-0.016543220409731434,-1.0837197307231207e-11,-0.007311252875475098,-0.0013582054641472219,-0.0013577999424994047,0.015268424991518259,0.5579583449289203,True,True,True,True,True,False,False,False,False,False
55,3516681027,-10.0,False,,37aaf8c6fd1346259683,-0.01621510561649601,-0.04053455778679112,-0.013223873266169311,-1.6629272260775943e-12,-0.008784030973096001,-0.006368601466210322,-0.006368390422863968,-0.9090497852303088,0.7949253439437598,True,True,True,True,True,True,False,False,False,False
56,1197201596,-10.0,False,,1f391ec07803629ccbee,-0.004858015855613143,-0.003869475812456536,-0.003990020915271582,4.0048959794902245e-13,-0.0006978817260448829,-0.0004989019257193306,-0.0004987101485243173,0.06776432716287673,0.46735495515167713,True,True,True,True,True,False,False,False,False,False
57,3704492712,-10.0,False,,82ec0ec7bc88b8afe2ac,-0.005823222092852703,-0.015079713107870658,-0.005649091361008744,-2.036137227391929e-12,-0.001509961989431744,-0.0010648860989901365,-0.001065636431466288,0.0266367110889405,0.44647069508209825,True,True,True,True,True,False,False,False,False,False
58,2401019122,-10.0,False,,06bcd6b6ec777534df5b,-0.035656845212998375,-0.11089334860028803,-0.030192749517513554,-2.650924851645554e-11,-0.04186034036571764,-0.0161176290167635,-0.016118554355788905,0.1219015121459961,0.5113052329979837,True,True,True,True,True,False,False,False,False,False
59,3465536290,-10.0,False,,e56ad1e5be8c31908754,-0.004002969658965338,-0.009827384663606728,-0.0026796290519361184,-1.298762365363358e-12,-0.0002822494154415037,-0.00015542450964645127,-0.00015535861604298873,0.03530906606465578,0.4681622211355716,True,True,True,True,True,False,False,False,False,False
60,3753811929,-10.0,False,,f89bf55cb92c5d2386e3,-0.028744294584197652,-0.07800749586510015,-0.023316971270801803,-5.3183485174894955e-12,-0.024216235145139584,-0.009346605075644998,-0.009346516525633675,-0.015316396951675415,0.46782446606084704,True,True,True,True,True,True,False,False,False,False
61,1797336650,-10.0,False,,de0ac28617e791ccef57,-0.08407998378540087,-0.26402508895617816,-0.07661855361767124,-2.3177844763288045e-11,-0.14663513463575903,-0.01166474307944143,-0.01166483773666116,0.1214991332963109,0.5133269364014268,True,True,True,True,True,False,False,False,False,False
62,1035509023,-10.0,False,,62951e03f98b92d7a244,-0.19600784217608724,0.025155301858019785,0.00723712866734344,-6.671606124370015e-13,-0.004122954169520687,-0.0005070211385329593,-0.0005067318060982817,-0.35083038196898997,0.5099866869859397,True,False,True,True,True,True,True,True,False,False
63,368542159,-10.0,False,,ea522764d4aaa7d7c54f,-0.048173830509308624,-0.14130036349722683,-0.040142747913156245,-2.8566421177318973e-11,-0.1054918838365508,-0.09047218489841491,-0.09046916164960273,0.14562955079600215,0.5601099927444011,True,True,True,True,True,False,False,False,False,False
64,3463651332,-10.0,False,,58ae115d901f52778b03,-0.060999134118227875,-0.18028631014863433,-0.05184790043809759,-3.6045448158256806e-11,-0.13392082616568612,-0.080455955463278,-0.08046128416631149,0.11852462589740753,0.5354939280077815,True,True,True,True,True,False,False,False,False,False
65,3770249689,-10.0,False,,511a91c8475e4cccfb29,-0.3034331250305218,-0.10879763204092492,-0.03718367862837157,-1.8925519929092118e-11,-0.05814997002580266,-0.0031153768089079437,-0.003115089669418536,0.25787736591883004,0.6714382339268923,True,True,True,True,True,False,True,False,True,False
66,717028307,-10.0,False,,a27a2c7f5e7daf154c12,-0.08367210184691964,-0.06327376952617561,0.0025529012378178693,-2.0798391765206513e-11,-0.014922876828893702,-0.004064855579281268,-0.004064631667456631,0.09418960800394416,0.5577268979977816,True,True,True,True,True,False,True,True,False,False
67,1209727556,-10.0,False,,155fb212a2f3c0986039,-1.3179065209478757e-05,-0.013708793609147146,-0.0025552415977725083,-1.5649850544838999e-12,-0.00022004166589731367,-8.872668635540037e-05,-8.819160102291335e-05,-0.05480529204942286,0.46878612507134676,True,True,True,True,True,True,True,True,False,False
68,1822346905,-10.0,False,,14ced1e660b9e1fb728a,-0.0353354423193633,-0.11441115833997881,-0.03157740660009307,-1.36466559318837e-11,-0.01655908580775776,-0.010998619534271725,-0.010929709705111534,0.11043879808858037,0.5332074139732867,True,True,True,True,True,False,False,False,False,False
69,276072534,-10.0,False,,e04e358981583f35ea28,-0.0010135565446832493,-0.005696788864810064,-0.0019327693082805868,-4.592329737573654e-13,-0.00024225024768121859,-3.9831785214827775e-05,-3.9809216191288854e-05,0.02447561197914183,0.40091872308403254,True,True,True,True,True,False,False,False,False,False
70,2361737602,-10.0,False,,cf6051cef3edac0547a5,-0.015625671403938286,-0.05236465659713167,-0.014135759997355925,-1.107152160476449e-11,-0.005662005298398049,-0.0007348062857774895,-0.0007333757207770297,0.14017452392727137,0.514191027963534,True,True,True,True,True,False,False,False,False,False
71,1463382397,-10.0,False,,2c85355ff4115aa5d0cb,-0.037112299648166265,-0.12099899009461265,-0.03388033291141037,-1.2764193776539378e-11,-0.0169781556578824,-0.003219150890538147,-0.003219634252082937,0.14969510398805141,0.5344214951619506,True,True,True,True,True,False,False,False,False,False
72,3823217008,-10.0,False,,b1a1b50c3ff902a71d06,-0.011741004993868792,-0.033255065267531914,-0.010965770284570926,-8.049915833686625e-13,-0.004351044923260652,-0.00019344111876251624,-0.00019343413078570793,0.07518151891417801,0.4694406450726092,True,True,True,True,True,False,False,False,False,False
73,208707498,-10.0,False,,8cb89c03f394924ee5c7,-0.08244693145666211,-0.2658100204048148,-0.07431148341476056,-2.3525551389948743e-11,-0.08576109603635088,-0.025699684886368424,-0.025699705898563963,-0.014154529199004173,0.5559919499792159,True,True,True,True,True,True,False,False,False,False
74,1445709377,-10.0,False,,7e4897195a7af2788bd1,-0.07991797542170631,-0.24832804339775238,-0.06797195813565167,-5.0999291922526345e-11,-0.18948941951214485,-0.114443359436887,-0.11444407453890992,0.11941711115650833,0.5187927721999586,True,True,True,True,True,False,False,False,False,False
75,1808319791,-10.0,False,,cd43d0348f79b7f45491,-0.013354455922304416,-0.019924379051956452,-0.008684083153212691,-2.064624590254106e-13,-0.0023616903521057595,-0.002203313769795656,-0.0022023946619338375,0.06731717311777174,0.5152902030386031,True,True,True,True,True,False,False,False,False,False
76,492355919,-10.0,False,,12cff8aa3acdd30e84d4,-0.013326917650319129,-0.03863890014251272,-0.012574725149398988,-1.1254177114856356e-12,-0.00889051714330972,-0.0030506514114900796,-0.0030506487555084227,0.05439383792690933,0.5403385139070451,True,True,True,True,True,False,False,False,False,False
77,2205781370,-10.0,False,,b60b9104edabc23c9777,-0.0023290785598077015,-0.0009224653624814558,-0.0002897475942715052,-7.276946066889596e-14,-2.9115868020320398e-05,-1.7004737029591155e-06,-1.6960402460242108e-06,-0.30326500511728227,0.40257512405514717,True,True,True,True,True,True,False,False,False,False
78,3459944134,-10.0,False,,296a6e1f6eeec4f7906e,0.024421481148616753,-3.0219098730634983,0.027837868464817506,-2.9360713431647446e-09,-0.008541012064707032,-0.0017082645341091052,-0.0014725399221795499,0.08340037846937776,0.5112026503775269,False,True,True,True,True,False,True,True,False,False
79,1745735286,-10.0,False,,01b7c7c11579a10e4ecd,0.0008575776425318957,-0.005193770378411247,0.0004109933690324974,-7.16462404374313e-13,1.9213870877498812e-05,-1.635116207410192e-05,-1.642278755165094e-05,0.15976160927675664,0.5374306451994926,False,True,False,True,True,False,False,False,False,False
80,2169855254,-10.0,False,,9ec602aa3d9a77de6a53,-0.033214359940429816,-0.11204338319833326,-0.02751378206285522,-3.1321825682602794e-11,-0.01738564707991167,-0.002325613665998816,-0.0023250975808746244,-0.03135461965575814,0.5147976712323725,True,True,True,True,True,True,False,False,False,False
81,2182675081,-10.0,False,,594857458ce4b1dded94,-0.002812460210539448,-0.009777549608494574,-0.0025701472863618444,-5.569567772712611e-13,-0.00024680247238701954,-1.3838654440823106e-05,-1.3846211893042693e-05,-0.0935508890543133,0.5157043510116637,True,True,True,True,True,True,False,False,False,False
82,585321039,-10.0,False,,24e95382bee075802db1,-0.01884858264996391,-0.04934657693511561,-0.014321592148807537,-1.0532211692386048e-11,-0.00846283483423847,-0.007089871610961751,-0.007087419118350979,0.003413324011489749,0.5604475410655141,True,True,True,True,True,False,False,False,False,False
83,3559797852,-10.0,False,,111e6cffa66a30a5ae36,-0.0060276477033293484,-0.006087073555702351,-0.004556793702637663,1.4453751011344932e-12,-0.00019817704131466844,-6.123550102632436e-05,-6.119988924657704e-05,0.12932851980440319,0.5139251328073442,True,True,True,True,True,False,False,False,False,False
84,3524806291,-10.0,False,,070835f71a23836e51a6,-0.3990965216038802,-0.11228129413635234,-0.03553839512644589,-3.765306933029675e-11,-0.09521997818916707,-0.027269604852083518,-0.027244908238995613,0.3509781847242266,0.7608603457920253,True,True,True,True,True,False,True,False,True,False
85,1193988510,-10.0,False,,8855051557923972ec2e,-0.004898706881946388,-0.015206584874061315,-0.004211762604118889,-1.3135573456652676e-12,-0.00081830194425944,-0.0004961076131557718,-0.0004963842460252721,0.1508432631380856,0.5379879041574895,True,True,True,True,True,False,False,False,False,False
86,550426581,-10.0,False,,ef559bc438ddcbb2ce27,-0.032844377994871166,-0.034091460182034045,-0.008853632332150047,-3.2347409550971998e-12,-0.015271950956809742,-0.005297802129208051,-0.00529795526994592,-0.02201249497011304,0.5157352748792619,True,True,True,True,True,True,True,True,False,False
87,3783487590,-10.0,False,,aa6c1249e3a3fa755de6,-0.013422998649462602,-0.03939627425238231,-0.01128046540028865,-2.8685805172879344e-12,-0.0029191076654171816,-0.00043325664313376144,-0.00043327568755247015,1.2192055287305266,1.7175434669479728,True,True,True,True,True,False,False,False,False,False
88,2951315003,-10.0,False,,117a186710fd8c6d48bc,0.11389921693789462,0.121817440249123,0.0425376103959349,5.882003683047181e-11,-0.0017420629817777034,-0.00048316611492138506,-0.0004208650612311793,0.0042355419136583805,0.5133806818630546,False,False,True,True,True,False,True,True,False,False
89,2084992833,-10.0,False,,ca9532d197115726de64,-0.016997652337335953,-0.05055029415985061,-0.014796830708252245,-5.043644173126005e-12,-0.014702779224984917,-0.001479188524096342,-0.001479265088151216,0.094949996098876,0.49354638205841184,True,True,True,True,True,False,False,False,False,False
90,1310474418,-10.0,False,,f21bbad8505a36128143,-0.02890293549863645,-0.08765927090261529,-0.024904652599770056,-1.2015014911011636e-11,-0.018498642728790562,-0.0026333580123896194,-0.0026338058146329058,0.14421770116314292,0.5373862111009657,True,True,True,True,True,False,False,False,False,False
91,4114984733,-10.0,False,,53bf3e0173f96cd227eb,-0.008761750019203417,-0.01781544491404572,-0.006041431210963343,-3.5481868692272756e-12,-0.002537320979334811,-0.0011254393332560397,-0.0011253070427565959,0.10365829872898757,0.49396839970722795,True,True,True,True,True,False,False,False,False,False
92,71488209,-10.0,False,,3fd31160fc8c81fe2561,-0.09633783598824715,-0.30656861431700055,-0.08388547824520812,-4.6566035484833304e-11,-0.21122288442813084,-0.06982282819023666,-0.06982269944353892,0.13553113327361643,0.6747139950748533,True,True,True,True,True,False,False,False,False,False
93,3636486471,-10.0,False,,fa276617798bcac95984,-0.016927150676527947,-0.07123638329383306,-0.01464193373513548,2.786667515132781e-12,-0.02148091583778431,-0.005092691811308114,-0.005093313558154122,0.11313885496929288,0.4932065950706601,True,True,True,True,True,False,True,True,False,False
94,3275046052,-10.0,False,,a1c8d24b74dd43b61a06,-0.06254245098346761,-0.19875055887895143,-0.054906900929871015,-3.020450005301723e-11,-0.07683688888455856,-0.026376654629822305,-0.026376142250030377,0.12444186094217002,0.5868593810591847,True,True,True,True,True,False,False,False,False,False
95,3761732235,-10.0,False,,52be20b1eeb3facaefa5,-0.006278445673687651,-0.02004098702626536,-0.005729645385398607,-2.499403765444233e-12,-0.0012828639134738389,-0.0004694033901975203,-0.00046939994398798035,0.019835760118439794,0.5184060540050268,True,True,True,True,True,False,False,False,False,False
96,120357199,-10.0,False,,c299b8a31a52db394765,-0.005044167655148728,-0.007770568368206868,-0.004412200802925701,2.0326872923955173e-14,-0.00041676359124944893,-0.00015756681387379956,-0.00015765827303493296,0.13826903118751943,0.5148477752227336,True,True,True,True,True,False,False,False,False,False
97,2413087209,-10.0,False,,7c37608addbc82366f68,-0.01975770470980795,-0.06126587169136406,-0.01747317920539669,-8.748424359809287e-12,-0.008964381296777558,-0.004666173704823251,-0.004664462301087191,0.117323013022542,0.5629561229143292,True,True,True,True,True,False,False,False,False,False
98,530580898,-10.0,False,,1b1f226ad2f75e7f6561,-0.02591023299720317,-0.07538092959950562,-0.02231438862862701,-5.292881408712284e-12,-0.018824344045724785,-0.008498234674066296,-0.008497756469354023,0.11410215310752392,0.5814984310418367,True,True,True,True,True,False,False,False,False,False
99,2876830969,-10.0,False,,3f0f1f760306b6d2a439,-0.039536089983807095,-0.10033960667257315,-0.03492606616398396,-1.4044003176753787e-11,-0.07045927444256489,-0.013168724685464595,-0.013168522310241348,-0.07041975879110396,0.5007207239978015,True,True,True,True,True,True,False,False,False,False
