trial_id,seed,hash_match,position_error_m,outlier_flag,boundary_hit,cp_ngc_statistic,cp_ngc_truth_statistic,cp_ngc_dof,cp_ngc_pvalue,cp_ngc_truth_pvalue,oracle_bias_corrected_statistic,oracle_bias_corrected_truth_statistic,oracle_bias_corrected_pvalue,oracle_bias_corrected_truth_pvalue,cp_ngc_delta_t_gls_ns,projected_geometry_rank,cert_information_min_eigenvalue,assignment_margin,selected_clock_std_ns,max_ris_residual,stage1_runtime_s,threshold_a0p05,rejected_a0p05,truth_rejected_a0p05,oracle_bias_corrected_rejected_a0p05,oracle_bias_corrected_truth_rejected_a0p05,threshold_a0p01,rejected_a0p01,truth_rejected_a0p01,oracle_bias_corrected_rejected_a0p01,oracle_bias_corrected_truth_rejected_a0p01
0,4191845062,False,0.0011131113348902932,False,False,21.147991598650858,20.965143714173987,11,0.0318698328545084,0.033733979963010786,6.1907849038742295,6.132359611312324,0.8603358929248431,0.8643883521094593,5.131512236327729,3,50.110718579659604,1.9127067003941487,0.7349945713630266,0.43692164460610267,13.962782082002377,19.67513757268249,True,True,False,False,24.724970311318277,False,False,False,False
1,1963740598,False,0.700000209792141,True,True,39.69026469013682,8.633765020246393,11,4.041121907367671e-05,0.6556563299768532,69.34962433061335,2.740180410164666,1.623682101561726e-10,0.9937331586960977,5.002645809078648,3,54.591042730334955,4.4773845045747995,0.3461839997646195,0.3400361462544958,13.432160983000358,19.67513757268249,True,False,True,False,24.724970311318277,True,False,True,False
2,1670551931,False,0.0006589474542090674,False,False,9.453219195390814,9.404487512581145,11,0.5801335840033639,0.5846097170580888,2.4584495133109097,2.4772749912495984,0.9961262650780591,0.9959914354298817,5.029657495107492,3,49.84464961526323,2.814417864528471,0.44464574916554567,0.3769474806993619,13.946619465001277,19.67513757268249,False,False,False,False,24.724970311318277,False,False,False,False
3,268311551,False,0.00019199666682168307,False,False,16.34339527684982,16.155028944774067,11,0.12885361928301525,0.13547237494901873,5.543597467877619,5.459237574121341,0.9020180551199571,0.9069059994028134,5.110035370302136,3,50.06280634379546,7.463285290243994,0.1605307422709337,0.15490284212634275,14.189179842996964,19.67513757268249,False,False,False,False,24.724970311318277,False,False,False,False
4,2546022630,False,0.0017833439752567447,False,False,11.040458397198385,10.936796302239983,11,0.4398800483029505,0.4485734145950322,0.7642904471767754,0.7951439321933331,0.999987318569971,0.9999844376111469,5.134020824214942,3,49.78107766233885,4.688680469829852,0.22125703560256701,0.2909776967895254,12.727763372000481,19.67513757268249,False,False,False,False,24.724970311318277,False,False,False,False
5,2003832857,False,0.7000026134644585,True,True,37.13856762901759,14.692962899037685,11,0.00010923036766897936,0.19698911420398535,59.56289406557919,1.6378691968935926,1.1176993710022915e-08,0.9994174237240614,5.06551403601504,3,54.551449282774485,3.4418064533062784,0.8318739194872887,0.4451893493471927,13.536333864998596,19.67513757268249,True,False,True,False,24.724970311318277,True,False,True,False
6,3924407702,False,0.0010139921467039387,False,False,10.129387927437069,10.161155612567912,11,0.5187875924765692,0.5159520778161086,0.9320248004863528,0.9497241570349669,0.9999647989173805,0.9999612500057005,4.8642910411047495,3,49.81515999079533,5.945673560268768,0.1991051231748554,0.21173231485912258,12.130590353997832,19.67513757268249,False,False,False,False,24.724970311318277,False,False,False,False
7,3053707144,False,1.0208690749703166,True,True,53779.380334044174,4947.53154696397,11,0.0,0.0,52974.28607123333,4750.955311573509,0.0,0.0,-248.47530947787624,3,62.307486140681455,0.10148724313086253,30.97027646311034,0.9886445153675593,13.402999511999951,19.67513757268249,True,True,True,True,24.724970311318277,True,True,True,True
8,3315122986,False,0.00020422414218455658,False,False,17.30021989728388,17.305124510912947,11,0.09930349311819334,0.09916848345392783,6.471268945955044,6.445832692385199,0.8401448592837233,0.842024530831305,5.234099128687624,3,49.7954182110551,4.9659709867625095,0.20387732221724908,0.19357364862958748,12.844924705997983,19.67513757268249,False,False,False,False,24.724970311318277,False,False,False,False
9,1804969292,False,0.0007909698517836245,False,False,7.48802895561527,7.453489754782084,11,0.7582979056095163,0.7612605232794957,6.407015193203312,6.52770888123065,0.844874800017151,0.8359407779973269,4.9751042422443925,3,49.80989842417712,0.2941060161738982,1.117048777652014,0.9611550904511857,12.759170474000712,19.67513757268249,False,False,False,False,24.724970311318277,False,False,False,False
10,1162771679,False,0.0017810389097078416,False,False,11.668468354134808,11.694794434606507,11,0.38907210231834394,0.38701623099602606,0.5883798229199756,0.5803037453216252,0.9999967606648327,0.9999969875663595,5.0889224480480495,3,49.829036919598906,4.8684185912389015,0.06217100137712249,0.17321904700766855,13.101894674000505,19.67513757268249,False,False,False,False,24.724970311318277,False,False,False,False
11,2669766368,False,0.0002537911971745612,False,False,16.067927511266877,16.33972325949978,11,0.13862777240626709,0.12897999953077188,4.74942746145585,4.898158160384276,0.9426915962350668,0.9359981145440945,5.142778792436248,3,49.85566028361049,4.602915515496112,0.049018429492224146,0.337704024094839,12.973651063999569,19.67513757268249,False,False,False,False,24.724970311318277,False,False,False,False
12,795438795,False,0.002157239253821717,False,False,11.111039235332669,10.961608993738274,11,0.4340082220401623,0.4464851579135227,1.5488794604187763,1.5635487161448303,0.9995553894688108,0.9995345788104129,5.033938339587568,3,49.83816288344678,2.4528346024172594,0.5796996858902094,0.700029675553685,12.94282471599945,19.67513757268249,False,False,False,False,24.724970311318277,False,False,False,False
13,2634590860,False,0.001985038690183555,False,False,12254.543721736565,12260.189787207943,11,0.0,0.0,12865.898901434819,12871.509261141175,0.0,0.0,16.259533911151372,3,83.94676105559168,0.015055971112839272,66.56605112852503,0.9867150762485024,13.035453737000353,19.67513757268249,True,True,True,True,24.724970311318277,True,True,True,True
14,3257551814,False,0.7000000885037306,True,True,37.92047916339553,10.565673228176884,11,8.069103338728276e-05,0.4803331803547528,63.310848393636746,0.8768262705010811,2.2363127684607027e-09,0.9999742501896014,4.579987648822374,3,54.573331422440646,11.274009653640087,0.03784178134853879,0.17766541835653038,12.614721431997168,19.67513757268249,True,False,True,False,24.724970311318277,True,False,True,False
15,666460866,False,0.0007842249789459106,False,False,12.753234676075728,12.57606582928295,11,0.30975942042256327,0.32193352735377284,0.9443413362418095,0.9110061770175414,0.9999623578837595,0.9999686746256141,5.096629986504849,3,49.83497952684648,5.251506658692951,0.11788069880814787,0.1866360460139475,12.395467332000408,19.67513757268249,False,False,False,False,24.724970311318277,False,False,False,False
16,4165246433,False,0.0006961219243148146,False,False,9.22638416231639,9.144616225942524,11,0.6010048090932232,0.6085455058856171,1.2529219572371186,1.4231844063004553,0.9998433189385061,0.9997058692744586,5.084225463317497,3,49.792222527639595,3.4710522905398435,0.2852322147260875,0.3286170055909598,12.197652562001167,19.67513757268249,False,False,False,False,24.724970311318277,False,False,False,False
17,3618397615,False,0.00039490631536923386,False,False,9.716730135957718,9.593883342443462,11,0.5560331374536173,0.5672443693414607,1.599109738901963,1.6157615141946715,0.9994810292036654,0.9994543908406346,5.087024843873993,3,49.79727012498373,6.827109898118448,0.24377001301842488,0.18117142287307114,12.161896813999192,19.67513757268249,False,False,False,False,24.724970311318277,False,False,False,False
18,607131593,False,0.0005823531443130771,False,False,11.656435604659709,11.622278514116328,11,0.39001383624783,0.3926941453851409,0.9837779774013826,1.0582131524689367,0.9999536310777436,0.9999328698005144,5.526794462825472,3,49.78609352140644,7.148796717977256,0.14017183424423799,0.20795156846253224,12.281230464002874,19.67513757268249,False,False,False,False,24.724970311318277,False,False,False,False
19,2520533696,False,0.0004450473256228828,False,False,12.684176465610788,12.620198816313238,11,0.3144676139949739,0.3188717798710475,4.634910248859538,4.621962545441654,0.9475516419433525,0.9480850667353156,4.998246487934452,3,49.91077759862299,4.969894806435442,0.14426147968966632,0.16446956465148985,12.312049063999439,19.67513757268249,False,False,False,False,24.724970311318277,False,False,False,False
20,1953334482,False,0.0004134249173781866,False,False,11.137215252901143,11.295000607030484,11,0.43184049437841776,0.418890304233639,0.8694744414148832,0.9120521597281146,0.9999753395900176,0.9999684901093859,5.143462588434104,3,49.8374894163574,7.38662031707313,0.1218292837010447,0.14979780535129383,11.957620193003095,19.67513757268249,False,False,False,False,24.724970311318277,False,False,False,False
21,1157340362,False,0.9997579197879762,True,False,71633.98023956042,766.3101005648422,11,0.0,3.230888120001575e-157,72480.7364559421,855.5883003811109,0.0,2.1759199892812154e-176,617.6223045376186,3,108.56437225388022,0.09151273116952126,11.829149585185622,0.9883500320167575,12.217845185001352,19.67513757268249,True,True,True,True,24.724970311318277,True,True,True,True
22,2486019150,False,0.0009197471045334222,False,False,9.715409891928806,9.368076240583243,11,0.556153370134786,0.5879572807267852,1.1740429370174053,1.1960423132805247,0.9998867599788582,0.9998757336761414,6.941200938821031,3,49.81064168378527,3.2054816737034604,0.21308573942060924,0.31768682966903034,12.143517658001656,19.67513757268249,False,False,False,False,24.724970311318277,False,False,False,False
23,3565776097,False,0.7000004646769331,True,True,43.209895619782436,20.476237689268086,11,9.984221145929287e-06,0.0392215795114421,67.82503199814587,9.394129242961666,3.1584666689099897e-10,0.5855617742373638,5.191909574897152,3,54.682053329912,4.9252279174029185,0.39795406449681575,0.20692275154730028,12.213071961999958,19.67513757268249,True,True,True,False,24.724970311318277,True,False,True,False
24,1017552053,False,0.0017617949088090349,False,False,9.33814366762552,9.375095682467336,11,0.5907110125119823,0.5873117369794669,1.081695971462927,1.0812073072010417,0.9999249969389702,0.9999251678171471,5.103415462540219,3,49.8233699227713,4.283890461831913,0.08065682451595904,0.36974317426489955,11.77088002200253,19.67513757268249,False,False,False,False,24.724970311318277,False,False,False,False
25,495786482,False,0.0007618046288821404,False,False,10.007870470378414,10.041297550133923,11,0.5296793341705112,0.5266762762976667,0.5744005961307244,0.5715524960768633,0.9999971452186323,0.9999972188791815,5.373246864932094,3,49.818488314559175,5.066223513176116,0.1480248186076301,0.15899853117813026,11.593563582002389,19.67513757268249,False,False,False,False,24.724970311318277,False,False,False,False
26,2384823148,False,0.0011884823070870203,False,False,71.33251121673841,69.83125500044137,11,6.813049629500418e-11,1.3153030600832373e-10,64.67943219838583,62.81081853240726,1.2380497701804191e-09,2.7742513814574153e-09,4.695238310798847,3,50.635794589450214,0.9085259454451473,2.0225598562714113,0.5163512700756933,12.564301128997613,19.67513757268249,True,True,True,True,24.724970311318277,True,True,True,True
27,3468878064,False,0.0003167344189790005,False,False,15.675604053178526,15.741089515159393,11,0.15360759713128638,0.15101826194183424,3.8882957276804615,3.893986644965548,0.9730713311523119,0.9729160722586964,5.308446243854415,3,49.8908299587553,5.6688416072346035,0.12351200962756573,0.18550746878839425,11.992929433999961,19.67513757268249,False,False,False,False,24.724970311318277,False,False,False,False
28,1456778205,False,0.0008942060611839906,False,False,13.568777492362003,13.4061643268508,11,0.25777928727841654,0.26760933475139775,4.392777511955847,4.381159672495095,0.9569889928510119,0.9574133445737263,5.143314128236303,3,49.90344534405775,3.3245714361635548,0.27749055356018876,0.3025936585403125,12.12731478600108,19.67513757268249,False,False,False,False,24.724970311318277,False,False,False,False
29,3705980607,False,0.0019790398139946518,False,False,11.221457384785182,11.290027133755927,11,0.4249012167631014,0.419295399950494,0.6428786760877623,0.6513048957427242,0.9999948465391807,0.9999944834753042,4.988893202549469,3,49.811872184058046,3.692981970380105,0.13403373743945418,0.2822507852289921,12.689291475002392,19.67513757268249,False,False,False,False,24.724970311318277,False,False,False,False
30,1122580844,False,0.0004766271592740841,False,False,17.156052695125226,17.32630277131342,11,0.1033435785954449,0.09858732946529579,1.6415725375732124,1.6671281488262455,0.9994110487774559,0.9993655929654441,5.111701256175876,3,49.812563612418586,3.476373629662942,0.4733894523447856,0.2549222202255081,12.174865714998305,19.67513757268249,False,False,False,False,24.724970311318277,False,False,False,False
31,1327027453,False,0.0009880852271340783,False,False,14.711199440127398,14.933038995768701,11,0.19610377613652458,0.18558300878798045,1.4571819302244096,1.4181097256421777,0.9996697971085222,0.999710981235741,5.038018071898096,3,49.821716649869494,5.238740122118682,0.3320908894147905,0.22158841830833242,12.398002712001471,19.67513757268249,False,False,False,False,24.724970311318277,False,False,False,False
32,1372647326,False,0.001894637597750865,False,False,997.2513922059321,994.5832256378737,11,7.493247470699831e-207,2.810799109501403e-206,1163.99311759897,1160.8113067650365,9.305855662315741e-243,4.511671568509204e-242,4.924338573532088,3,49.959310166785855,0.0395562011699244,17.83402709067685,0.9887241084634759,11.993569865000609,19.67513757268249,True,True,True,True,24.724970311318277,True,True,True,True
33,680502834,False,0.7000010641039338,True,True,35.6511130657495,13.995357461707131,11,0.00019338547773723724,0.23325047474175534,62.472246084014145,4.924777383586531,3.2097155877152216e-09,0.9347547094774629,5.687457942007868,3,54.807927559740335,7.788788688540798,0.07160436020331899,0.14813682252489652,11.95554528899811,19.67513757268249,True,False,True,False,24.724970311318277,True,False,True,False
34,605831450,False,0.7000004804983287,True,True,33.006770806413776,17.626462159050668,11,0.0005248351625795283,0.09066257645038081,55.27634225153272,4.267779911167374,6.89757888554638e-08,0.9614190316732354,5.2407498207657355,3,54.72714331826504,2.501071957218845,0.5913208068717722,0.36545550653551606,13.283443054002419,19.67513757268249,True,False,True,False,24.724970311318277,True,False,True,False
35,2353888381,False,0.0009214686375070899,False,False,12.05774012492967,11.760252604911779,11,0.3593187706979504,0.38193148033081026,3.745055726502248,3.628966795304478,0.9767901253429376,0.9795426150320627,5.583555029558283,3,49.8799177880578,3.414908136646361,0.07602912262156922,0.3214186379166812,13.01626528700217,19.67513757268249,False,False,False,False,24.724970311318277,False,False,False,False
36,983570348,False,0.7000003254136018,True,True,32.28580837449997,17.27381654248027,11,0.0006861909496555001,0.10003303460991737,55.513701851722516,5.096399683293654,6.240217090821035e-08,0.9264082023195428,5.254292352065406,3,54.905007411233115,5.634444178253328,0.27214198943899615,0.2623364400902432,12.383044472997426,19.67513757268249,True,False,True,False,24.724970311318277,True,False,True,False
37,286724587,False,0.0009898916957057256,False,False,11.232948250903467,10.986433895427506,11,0.42395911698499184,0.4444005081074497,2.5851408920102097,2.586517255666983,0.995152190634171,0.9951407248173774,5.149128073787518,3,49.7810985421676,3.869258452578379,0.1211679041440118,0.29736602849033933,12.652008039000066,19.67513757268249,False,False,False,False,24.724970311318277,False,False,False,False
38,1881511804,False,0.0010297652576759739,False,False,16.77750345452984,17.12287712282111,11,0.11463142688626582,0.10429308445392646,2.135533315389498,2.2142597594325295,0.9979602638592856,0.9975904619073829,5.5247923898739035,3,49.826306420678556,5.8067631726010545,0.5222184631404903,0.2663005919980678,13.008696813001734,19.67513757268249,False,False,False,False,24.724970311318277,False,False,False,False
39,2130163541,False,0.7000000216938573,True,True,34.94626542842043,12.87819672836022,11,0.0002529089690278223,0.3013609439119806,61.55567956704538,4.39389568613563,4.7601021359723035e-09,0.95694801379504,4.822081950681624,3,54.67384893385241,4.943082609690466,0.17415987040498154,0.19552346197102374,12.651516770998569,19.67513757268249,True,False,True,False,24.724970311318277,True,False,True,False
40,1671808693,False,0.0009585229780145219,False,False,10.836037218510354,10.88611411722195,11,0.45710017009127557,0.45285309982325184,2.0672202103574384,2.278241646234067,0.9982454203266242,0.9972551634848164,4.9553175709262804,3,49.81026783702767,4.677840842604997,0.17235629946502873,0.20294822249298125,13.113327830000344,19.67513757268249,False,False,False,False,24.724970311318277,False,False,False,False
41,1052834405,False,0.0006848796803010706,False,False,11.371794666620058,11.33938491815564,11,0.41266145502400825,0.4152842364353223,1.5151359666488318,1.5259699204301074,0.9996005494992913,0.9995864534622823,5.313216031220203,3,49.80908545744549,5.049643671341567,0.15440935442369105,0.22328675660430955,13.033588162001251,19.67513757268249,False,False,False,False,24.724970311318277,False,False,False,False
42,4028604297,False,0.0003355313538071145,False,False,7.15775471960529,7.16194802976756,11,0.7861680516732352,0.7858210262582608,1.4743839233151987,1.4733007230048527,0.9996502939960954,0.9996515476450415,4.932127723413067,3,49.81235385585021,2.4810822868838946,0.55022216984297,0.399781116425165,13.482011361000332,19.67513757268249,False,False,False,False,24.724970311318277,False,False,False,False
43,1419952921,False,0.0010191130434766486,False,False,18.96847551034916,18.996292340923446,11,0.061661736143571476,0.06116009541746186,6.5474600924200415,6.502680380987932,0.8344588367769114,0.8378107238432896,4.553794458732798,3,49.94282921208229,3.81492284355554,0.5296134354095778,0.3068276828675837,12.971242003997759,19.67513757268249,False,False,False,False,24.724970311318277,False,False,False,False
44,3890653440,False,0.00020205255821874148,False,False,7.528431449447125,7.534605246045448,11,0.7548192454846419,0.754286458606939,2.6213938287473795,2.6183432469272083,0.9948435993104093,0.9948700978291198,4.929051701813959,3,49.82777599810709,3.1209846331846007,0.6299128838629449,0.3211210375284502,12.69424944000275,19.67513757268249,False,False,False,False,24.724970311318277,False,False,False,False
45,4183453817,False,0.0015478020622027898,False,False,14.376422594347673,14.515192736259621,11,0.2128596755852544,0.20578429012153912,1.5422837338764355,1.5861829719891973,0.9995645103948861,0.9995010129765651,5.478987140416018,3,49.86631362132027,6.455042477492956,0.31533505421202807,0.2528591148306728,12.657114934001584,19.67513757268249,False,False,False,False,24.724970311318277,False,False,False,False
46,2935528983,False,0.6284863637663244,True,False,11.164190525382875,126.28707753980225,11,0.4296122671585849,9.801521093566161e-22,9.29716659735923,80.03079975895062,0.5944832092604617,1.4556302242613845e-12,3.924972637105683,3,55.42922620032912,1.2450766738234573,1.0885345975464873,0.5857523338380866,13.059422500999062,19.67513757268249,False,True,False,True,24.724970311318277,False,True,False,True
47,2160397598,False,0.0006081885715282125,False,False,13.307250524372492,13.431323111544243,11,0.2737189039888125,0.26607108048723493,1.3726655228964377,1.3112382827785005,0.9997537641282483,0.9998036111808256,4.929409776495201,3,49.8212720391534,4.600381486705897,0.20524040946741484,0.1606522456307549,13.030476455998723,19.67513757268249,False,False,False,False,24.724970311318277,False,False,False,False
48,81257469,False,0.0002648507987440645,False,False,10.012456798191266,9.979561226429187,11,0.5292670001054418,0.5322265724562412,1.0205002456167989,1.0452007482867436,0.9999441414057678,0.9999369437737512,4.968945410679994,3,49.800630330442175,6.729891065279146,0.17834121239792206,0.18084360167636843,12.297102471999096,19.67513757268249,False,False,False,False,24.724970311318277,False,False,False,False
49,2856970602,False,0.700000170880257,True,True,36.083128225568984,12.16777771470941,11,0.00016393264312424043,0.35116501162417424,63.69565963781896,4.5779313941399105,1.8941428038028925e-09,0.9498746865593622,4.812036572151584,3,54.64122468810555,3.288791467682024,0.28227247304268405,0.3235402204625619,12.999733665998065,19.67513757268249,True,False,True,False,24.724970311318277,True,False,True,False
50,1106178032,False,0.7000007900711962,True,True,33.191390208832736,15.570984670707535,11,0.0004898702478877529,0.15781987644531617,58.012379872370055,4.713353899250479,2.164546350429354e-08,0.944250102523837,5.2644876862222025,3,54.834674352192856,8.086309996648135,0.10578050326956098,0.1546298161930905,12.300140286002716,19.67513757268249,True,False,True,False,24.724970311318277,True,False,True,False
51,2563947575,False,0.7000007806037197,True,True,7.559973715009414,76.55684492855539,11,0.7520938649622857,6.808282305070665e-12,25.717128808917593,56.86752897919388,0.007148810381305829,3.519545530246772e-08,5.410923437294559,3,55.18231238200102,1.279964066468821,1.9381315640280574,0.4944998484547728,12.356651865000458,19.67513757268249,False,True,True,True,24.724970311318277,False,True,True,True
52,2538379628,False,0.0007454793587996737,False,False,13.873100133723518,13.921595127453877,11,0.24009509324046974,0.23736235241344064,2.2981704839768184,2.2823147338104612,0.997144036387102,0.9972327147675544,5.210298760397933,3,49.83158659385968,3.7497241505580394,0.4859241005758948,0.2876727498738952,12.974024284001644,19.67513757268249,False,False,False,False,24.724970311318277,False,False,False,False
53,2118589924,False,0.0010237730968945538,False,False,16.225868832546826,16.108643297533746,11,0.13295056276003372,0.1371452230545894,1.7359080904674167,1.7424783804424124,0.9992299225015947,0.9992158953563913,5.150102673054988,3,49.77961115150188,3.222332799794122,0.2748856464925359,0.3788514282031267,12.53066964500249,19.67513757268249,False,False,False,False,24.724970311318277,False,False,False,False
54,4045394661,False,0.0013355366144248502,False,False,11.82037420807196,11.785266707894989,11,0.37729554194656495,0.3799986534678166,2.155445652944158,2.178973083824114,0.9978710168993227,0.997761868232516,5.1301738516445194,3,49.877442062426596,2.7100678262138875,0.43486583435325005,0.35865847876481,12.102587952998874,19.67513757268249,False,False,False,False,24.724970311318277,False,False,False,False
55,3516681027,False,0.000948499889698448,False,False,9.768498579270553,9.713145471758951,11,0.5513233738206154,0.5563596011512535,1.3024410707951213,1.3375233446935992,0.9998100536971724,0.9997833468396734,4.935575722754801,3,49.811694754818426,5.69769411925528,0.1033146664333703,0.24399178079815625,12.301839519001078,19.67513757268249,False,False,False,False,24.724970311318277,False,False,False,False
56,1197201596,False,0.00024046330735933295,False,False,10.124311056131438,10.231626886255919,11,0.5192412118198755,0.5096804860318875,0.6759591708530426,0.6706677494656927,0.9999933024503517,0.9999935715013588,5.224374679480533,3,49.82808518772212,4.253944306578045,0.2910121410174231,0.34563621800716715,12.427965820999816,19.67513757268249,False,False,False,False,24.724970311318277,False,False,False,False
57,3704492712,False,0.0016453072013607314,False,False,12.743439864068952,12.757208040017666,11,0.3104243092537217,0.30948997458698174,0.7102818323905234,0.6965295908826354,0.9999913311408465,0.999992169873476,5.157458922937515,3,49.79327592233209,5.744342537620458,0.15173378260976736,0.1936637871258369,11.957191297999088,19.67513757268249,False,False,False,False,24.724970311318277,False,False,False,False
58,2401019122,False,0.0014818156291863567,False,False,8.896331700160475,8.806329714148022,11,0.6314608981002795,0.639763581020004,1.0559652785821705,1.087961520727086,0.9999335879411555,0.9999227787328129,5.003557948971288,3,49.78546981638361,4.334603155115238,0.2577260904190951,0.24866804202450646,12.01918034299888,19.67513757268249,False,False,False,False,24.724970311318277,False,False,False,False
59,3465536290,False,9.6956178569813e-05,False,False,10.794442060600394,10.814683510636293,11,0.46064163761317756,0.4589167093652855,0.49858740752176123,0.4912074025214198,0.9999986469316127,0.9999987496013052,4.890897194114903,3,49.79799208841457,5.2006157357179275,0.037197962569319246,0.1930301299371665,12.407802097997774,19.67513757268249,False,False,False,False,24.724970311318277,False,False,False,False
60,3753811929,False,0.0008496514352820639,False,False,13.924338897615518,14.01376034796704,11,0.2372084359101478,0.23223299590905017,1.8161023915652081,1.7522591777618106,0.9990450886917951,0.9991946554946939,4.906906242049723,3,49.81131615216831,4.761774289732045,0.2050708708442642,0.2101888890008745,11.89473986899975,19.67513757268249,False,False,False,False,24.724970311318277,False,False,False,False
61,1797336650,False,0.0014519443038571295,False,False,14.072660094142133,14.002061796440282,11,0.22899894609178847,0.2328794107564724,2.205078886442617,2.234266320963335,0.9976359621406892,0.9974890693683571,5.2169157971036775,3,49.8015850517873,5.9599180234848115,0.13556580947986835,0.156067770374167,11.913471601998026,19.67513757268249,False,False,False,False,24.724970311318277,False,False,False,False
62,1035509023,False,0.5121760344295505,True,False,2321.4436036037832,25.8029325390733,11,0.0,0.006942492568824817,2439.878311676318,9.107944494612104,0.0,0.6119291438213728,116.14519934711531,3,58.739053306896665,0.7322496413232591,1.056134611595156,0.8634192429459782,12.334406292000494,19.67513757268249,True,True,True,False,24.724970311318277,True,True,True,False
63,368542159,False,0.0005545282924032923,False,False,14.492881822503204,14.467145571548073,11,0.20690937205675064,0.2082131062793047,0.9458766244810166,0.9461206167422165,0.9999620444762223,0.9999619944796078,5.013404616750964,3,49.79171555428777,5.8773956527645215,0.28191038537709334,0.26342657231426175,11.794834315998742,19.67513757268249,False,False,False,False,24.724970311318277,False,False,False,False
64,3463651332,False,0.0006213621138657422,False,False,13.462015653184592,13.392660553153782,11,0.264203108894675,0.2684376084504423,4.686063081727189,4.67504519045528,0.9454123143472661,0.945877412984083,5.398910196638961,3,49.87560346588849,4.578053970778958,0.09612107166236179,0.35035776382467043,11.757162289999542,19.67513757268249,False,False,False,False,24.724970311318277,False,False,False,False
65,3770249689,False,0.0016270813689629202,False,False,117.6108949888125,116.99382977331192,11,5.477441326435783e-20,7.285741457293608e-20,66.18166184067195,65.81106908002695,6.455502008497418e-10,7.582043877576933e-10,5.512344596082027,3,50.6236614499601,1.2176547581849557,1.1441561915205123,0.9844523407263269,12.294628560001001,19.67513757268249,True,True,True,True,24.724970311318277,True,True,True,True
66,717028307,False,0.6147985389206745,True,False,27.268551746376225,14.575900126989357,11,0.004184702605479382,0.2027470387431065,44.696407196117384,0.9801494658438343,5.486368779208967e-06,0.9999544948682147,5.004418106588903,3,54.12551024212839,3.3386512055416446,0.24931571584149761,0.3292174702777625,12.00182067499918,19.67513757268249,True,False,True,False,24.724970311318277,True,False,True,False
67,1209727556,False,0.7000021523148033,True,True,36.876891861318065,14.497884024766378,11,0.00012083428670723014,0.20665670959664661,64.83473862556743,6.377329635425002,1.1575641116617965e-09,0.8470395011143698,5.884375561317655,3,54.969955377823275,2.0869508236477063,0.4992450273807752,0.39634263260156327,11.352348844000517,19.67513757268249,True,False,True,False,24.724970311318277,True,False,True,False
68,1822346905,False,0.0007178256188452195,False,False,5.288759704727344,5.430162438094129,11,0.916379580743249,0.9085601709190768,20.019678891903435,19.964133787297193,0.04507152458574011,0.0458349810421859,4.916939003962431,3,50.98045347234246,0.05182577139319648,11.978453911476324,0.9837033032812785,12.2158029730017,19.67513757268249,False,False,True,True,24.724970311318277,False,False,False,False
69,276072534,False,0.0015118659671613966,False,False,10.827662591143607,10.753803762570495,11,0.45781220164347447,0.4641134833016791,0.5323305529462188,0.5675914253978586,0.9999980876220007,0.9999973187848631,5.066732293761722,3,49.805736905988105,6.032673117628379,0.051768288909230305,0.1621066103769282,12.121126566002204,19.67513757268249,False,False,False,False,24.724970311318277,False,False,False,False
70,2361737602,False,0.0012206942229987193,False,False,27.224951680609312,27.20225834157968,11,0.0042488720669534895,0.004282643986619408,24.06270304287325,24.014540715094444,0.012471425079297981,0.01267203949488715,5.086966447997398,3,50.524205456982,0.39631728740778654,0.36188652039808156,0.9855869513162995,11.707100330000685,19.67513757268249,True,True,True,True,24.724970311318277,True,True,False,False
71,1463382397,False,0.001096890712260076,False,False,10.711526624727744,10.484945271500369,11,0.46773756738546035,0.48736411522082723,2.4449853188505797,2.340350863956045,0.9962206483892551,0.9968979539746172,4.873444971527884,3,49.887097730213306,3.592751599748838,0.2731272152474803,0.29589819325080824,12.010318931999791,19.67513757268249,False,False,False,False,24.724970311318277,False,False,False,False
72,3823217008,False,0.0007147155819209221,False,False,17.528503450200656,17.837298715082554,11,0.09318566383206842,0.08543345075633743,5.3878310755240815,5.523286668193117,0.9109403827712189,0.9032068649602414,5.2158049216765585,3,50.064132010950374,4.691033395429653,0.1999821467735942,0.1456157557851342,11.566900967001857,19.67513757268249,False,False,False,False,24.724970311318277,False,False,False,False
73,208707498,False,0.0014541008343891028,False,False,19.724705034095855,20.79837153978557,11,0.04926212235907786,0.0355211795810002,9.213069563252791,9.929822421751526,0.6022322460032759,0.5367105455316699,2.9395762159814254,3,50.005941069658235,1.7411372629776949,0.2937146433231352,0.5241356467965163,11.749206446998869,19.67513757268249,True,True,False,False,24.724970311318277,False,False,False,False
74,1445709377,False,0.0011081189431417571,False,False,10.21849997795654,10.015287825128656,11,0.5108467405031591,0.5290125241631145,1.3975845362340207,1.3647656371187484,0.9997309611295848,0.9997606713240924,5.29888192068086,3,49.79381233357139,5.828969660045355,0.038680400206490384,0.2132362009186763,11.88023346800037,19.67513757268249,False,False,False,False,24.724970311318277,False,False,False,False
75,1808319791,False,0.00019751374796857634,False,False,7.6016337247218075,7.598899954531497,11,0.7484817342075625,0.748719195626238,3.672362897442403,3.630409176958924,0.978540591769354,0.9795098210959504,5.438988239585509,3,49.830856778749705,2.8826353898163863,0.4658480658530765,0.21703516114499827,11.920028242999251,19.67513757268249,False,False,False,False,24.724970311318277,False,False,False,False
76,492355919,False,0.0020011598470594206,False,False,16.68339892134547,16.85520599838961,11,0.11759562961604943,0.11223211892823527,3.908896233867489,3.93976193625598,0.9725065569639244,0.9716460710867864,4.93244456174524,3,49.87914451359014,4.110331610375805,0.1837813411447504,0.20100992395056624,11.800458023997635,19.67513757268249,False,False,False,False,24.724970311318277,False,False,False,False
77,2205781370,False,0.002186279697270235,False,False,8.212999726862462,8.411461497437287,11,0.6941061071113227,0.6760401446881052,1.9298243991274124,1.836571492724673,0.9987277359245422,0.9989929540872781,5.0100318381770865,3,49.85676845186284,4.969597843528274,0.3066889115933667,0.23684255633804327,11.675961646997166,19.67513757268249,False,False,False,False,24.724970311318277,False,False,False,False
78,3459944134,False,0.6726587431128508,True,False,217847.1292552368,36414.8713867899,11,0.0,0.0,217851.88231912657,36498.9819210393,0.0,0.0,70.85293586724461,3,117.46911653988889,0.03873437401919406,29.03010646356996,0.9832267986485508,11.293174921000173,19.67513757268249,True,True,True,True,24.724970311318277,True,True,True,True
79,1745735286,False,0.001954479532735443,False,False,67.94984102893827,68.8215319646111,11,2.9912576015203095e-10,2.0450271453465136e-10,118.67163994327647,120.15064323552912,3.3533401603484053e-20,1.6908303864725452e-20,5.064703863055807,3,49.76790688250905,0.11683578115450702,20.968674772047212,0.9835084120728378,11.9120240379998,19.67513757268249,True,True,True,True,24.724970311318277,True,True,True,True
80,2169855254,False,0.0004986757790920944,False,False,14.650603971682255,14.855314062855932,11,0.19905763331858825,0.18921701421937448,1.487081340809523,1.5528663805231582,0.9996353380330144,0.999549805511452,4.622262282990315,3,49.87389109969149,3.683352318559538,0.2450049913622799,0.34490596266948514,11.615588929002115,19.67513757268249,False,False,False,False,24.724970311318277,False,False,False,False
81,2182675081,False,0.0004618086449118044,False,False,20.375962773206535,20.534051518873156,11,0.040443508846345455,0.03853251275887683,4.031824860526923,4.100530021412715,0.9689767996043905,0.9668833858798849,5.259943977733179,3,49.82896194084688,2.373267517349382,0.3494253190247761,0.47639139540512926,11.591432713001268,19.67513757268249,True,True,False,False,24.724970311318277,False,False,False,False
82,585321039,False,0.0006721812921970354,False,False,12.14210478875954,12.149064338902596,11,0.35305704762125106,0.3525435219779585,1.842314135907524,1.7915309522381055,0.9989779486058636,0.9991049448977226,4.890398335481182,3,49.8199691012081,5.491991905590399,0.08093558266344095,0.23946056483402348,11.691901657999551,19.67513757268249,False,False,False,False,24.724970311318277,False,False,False,False
83,3559797852,False,0.00024037439498401925,False,False,11.546459926895334,11.649803306558162,11,0.39868051732280657,0.3905334605257629,0.9903217032665447,1.0144757487640286,0.9999520406891067,0.9999457946743221,5.463645688716726,3,49.858272341194954,2.2062435866984367,0.3093276153232097,0.530964336742835,11.319619107001927,19.67513757268249,False,False,False,False,24.724970311318277,False,False,False,False
84,3524806291,False,0.001224917451733516,False,False,86.07537926410969,85.89050075871695,11,9.753298037114027e-14,1.0597381443598025e-13,120.36806742979282,120.2457608096206,1.5288297932498652e-20,1.6179506262437785e-20,4.818050804751121,3,50.85336980223774,0.00011668776851784215,2.460198055724724,0.9879284780199598,11.821525342998939,19.67513757268249,True,True,True,True,24.724970311318277,True,True,True,True
85,1193988510,False,0.00023327729774947107,False,False,11.036771408326079,11.022430759283807,11,0.44018784285533663,0.4413860133979964,0.6401317506006314,0.6397907213501245,0.9999949606769043,0.9999949747049007,5.643773344965181,3,49.80429886642899,7.703164957618647,0.1073422432014377,0.14207207863303237,11.775429762998101,19.67513757268249,False,False,False,False,24.724970311318277,False,False,False,False
86,550426581,False,0.6642313083178202,True,False,38.42852811889307,8.36493435889297,11,6.621854145538732e-05,0.6802884637316078,66.61128904919505,2.7487323908393657,5.356416208357645e-10,0.9936471290230852,4.950574328338643,3,54.40503396325302,3.136620374286507,0.44144067877070164,0.42262267896818134,12.20147175600141,19.67513757268249,True,False,True,False,24.724970311318277,True,False,True,False
87,3783487590,False,0.0005208728868149411,False,False,10.68007649098395,10.578403637370979,11,0.4704415032092497,0.4792282221739588,1.1086195093876352,1.1070627782611262,0.9999150985032587,0.9999156972957151,4.951356132017418,3,49.825739539445145,5.653297991997104,0.27223540724006723,0.21900597365250596,11.887420453000232,19.67513757268249,False,False,False,False,24.724970311318277,False,False,False,False
88,2951315003,False,0.7007017552037499,True,False,2503.1573944393585,1317.409578251337,11,0.0,7.877154379688702e-276,2609.8989624319524,1128.6093612458958,0.0,3.908559039829927e-235,114.48765239443657,3,83.99665319315687,0.03174623764241055,51.69354740243398,0.9883024555089417,11.136302465998597,19.67513757268249,True,True,True,True,24.724970311318277,True,True,True,True
89,2084992833,False,0.000570647064224964,False,False,9.061537900527785,9.098089905986132,11,0.6162120233862485,0.6128385454490914,0.6027664651565088,0.5984439560939647,0.9999963226815504,0.99999645896956,5.022695597067717,3,49.81126222029983,8.712910456804078,0.1810042770339134,0.19158372994039952,11.226361799002916,19.67513757268249,False,False,False,False,24.724970311318277,False,False,False,False
90,1310474418,False,0.0010494553745522867,False,False,12.231938570109696,12.094422276603499,11,0.3464641398008989,0.35658783106869507,0.7100348732531994,0.7586853076323163,0.9999913468080994,0.9999877930362936,4.689692804861539,3,49.780838815318795,5.5312493258686715,0.21684451685293993,0.2057751120040015,11.431920078000985,19.67513757268249,False,False,False,False,24.724970311318277,False,False,False,False
91,4114984733,False,0.00029475015125420055,False,False,10.882106440096702,10.83573864534003,11,0.45319232232867046,0.45712554684942364,1.2004962004502502,1.3329790742555407,0.9998734028270246,0.9997869612034045,4.991925641141749,3,49.801253434600426,8.505777009428424,0.08142804993184101,0.2588554677173458,11.74916358700284,19.67513757268249,False,False,False,False,24.724970311318277,False,False,False,False
92,71488209,False,0.0008669595683562939,False,False,20.378617952302697,20.183608800463603,11,0.040410709993195223,0.04288530540253472,7.868352978478817,7.3866925813483855,0.7250458306399921,0.7669598023095213,4.5281328921628345,3,49.97677596595405,3.8685235229354205,0.3717662149339555,0.19649832515261698,11.828447921001498,19.67513757268249,True,True,False,False,24.724970311318277,False,False,False,False
93,3636486471,False,0.6833826574692441,True,True,30.577328170563618,14.919905985832303,11,0.0012851780843684368,0.18619311802980526,54.16887959880908,4.272086298880631,1.0995154466790413e-07,0.9612713651557606,3.9923944312361757,3,54.56489642469706,7.440082619784607,0.1415263317267388,0.1855187571317766,11.55195240300236,19.67513757268249,True,False,True,False,24.724970311318277,True,False,True,False
94,3275046052,False,0.0005951521660269245,False,False,15.939344868977198,16.628488507047777,11,0.14339766107180354,0.11935519071610125,4.580860864469425,4.990955785000256,0.9497567900121132,0.9316038219443298,5.040568163767119,3,49.927096515428026,2.9471878875981403,0.28560259325694043,0.3505155743813399,11.189069087999087,19.67513757268249,False,False,False,False,24.724970311318277,False,False,False,False
95,3761732235,False,0.0008872262312222316,False,False,11.447902287328095,11.32650563323301,11,0.40653729855204207,0.4163289439026348,0.8323580926310663,0.9245899646772153,0.9999802961066803,0.999966210795001,4.441721762885886,3,49.79475596629443,7.9325598938605175,0.17636050915112622,0.17383373998932794,11.490713488001347,19.67513757268249,False,False,False,False,24.724970311318277,False,False,False,False
96,120357199,False,0.0008236961649433962,False,False,9.00002498707149,9.011536010714408,11,0.6218900247978087,0.6208274542079911,6.413605855144886,6.311026936716148,0.8443924283395305,0.8518266005616397,4.9131205512004055,3,49.828902507371886,3.0047992380016573,0.4036915006501852,0.38105311323607216,11.908065948999138,19.67513757268249,False,False,False,False,24.724970311318277,False,False,False,False
97,2413087209,False,0.0005793913552547077,False,False,11.939322153623099,11.847221378414236,11,0.3682214421229357,0.3752360568606982,0.5243702178207161,0.5227586394223444,0.9999982338007095,0.9999982622719918,4.906762394198106,3,49.80233031773273,4.685017278768629,0.23199727945324686,0.2620213662163058,11.612658156998805,19.67513757268249,False,False,False,False,24.724970311318277,False,False,False,False
98,530580898,False,0.0015157690920630928,False,False,17.83680660304688,17.651153815135224,11,0.08544534205803138,0.09003607506271312,4.731182841231685,4.800905755357034,0.9434829984449513,0.9404236307060183,4.663657528750689,3,49.78933464784316,5.70075664637478,0.21452568896454227,0.15351449577921636,11.997842295000737,19.67513757268249,False,False,False,False,24.724970311318277,False,False,False,False
99,2876830969,False,0.0005176160431593149,False,False,9.538103198866434,9.615580507460713,11,0.5723495538127858,0.565260909462145,1.6460314965484446,1.6551763810338052,0.9994033025783815,0.9993871727280337,5.123401437155909,3,49.813936053994475,7.465967179894456,0.09868376942662087,0.15800117742440797,11.535131266002281,19.67513757268249,False,False,False,False,24.724970311318277,False,False,False,False
