baseline,trial_id,seed,snr_db,K,data_hash,y_noisy_hash,failed,error,runtime_s,position_rmse_m,y_nmse,range_rmse_m,tau_rmse_s,raw_objective_final,support_size,grid_size,dictionary_mode,selected_support,peb_position_m,peb_is_data_only,peb_uses_regularization,nuisance_model,clock_eliminated,efim_condition_number,efim_parameter_order,peb_reference_type,peb_reference_data_hash,batch_size,max_batch_memory_mb,num_batches,rss_mb_before,rss_mb_after,warning
als_cpd,0,3147786918,-10.0,4,eec77237c0e6ffba,d5f33d1674348aad,False,,7.591515475003689,1.1951072127637754,0.010750490886698544,1.1995012524472444,3.8678369582925956e-11,5.915506806145806,4,300,als_cpd_tensor,"[{""panel"":0,""position"":[0.3,1.5,1.45],""tau"":3.43193836537204e-08,""range"":5.390732788777423,""elevation"":0.07426967441626317,""azimuth"":2.382504207445267,""score"":0.8795549283786569,""component"":0},{""panel"":1,""position"":[0.3,0.050000000000000044,0.35],""tau"":3.7310490537403434e-08,""range"":5.280388243301813,""elevation"":-0.1520896713490236,""azimuth"":-2.737958728276528,""score"":0.5000238505558855,""component"":1},{""panel"":2,""position"":[0.3,0.7749999999999999,0.9],""tau"":3.312559487240317e-08,""range"":4.579642453292615,""elevation"":-0.07649977395159097,""azimuth"":2.971043488623992,""score"":0.539556499540268,""component"":2},{""panel"":3,""position"":[0.3,1.5,1.45],""tau"":4.852132743009353e-08,""range"":7.5741336138201305,""elevation"":0.04622636727772462,""azimuth"":2.356194490192345,""score"":0.9912043674442814,""component"":3}]",nan,,,,,,,,,,,,nan,nan,
proposed,0,3147786918,-10.0,4,eec77237c0e6ffba,d5f33d1674348aad,False,,121.49761091799883,0.0014892540593319829,5.371212364131307e-05,0.00010019163553402469,2.9861452246329453e-12,5.921808591130827,0,,proposed_rg_jnpp_adaptive_jones_vp,[],nan,,,,,,,,,,,,nan,nan,
peb,0,3147786918,-10.0,4,eec77237c0e6ffba,d5f33d1674348aad,False,,2.643750944000203,nan,nan,nan,nan,nan,0,,data_only_efim_peb,,0.0012856250138917923,True,False,jones_linear,True,77.2439008387421,"[""p_x_m"",""p_y_m"",""p_z_m"",""c_delta_t_m""]",matched_model,eec77237c0e6ffba,,,,nan,nan,
als_cpd,0,3147786918,-5.0,4,1019bea769a413de,a32c9ce643ff58a0,False,,7.09178177400463,1.1951072127637754,0.00338006361143211,1.1995012524472444,1.9789102289144756e-11,1.8706505429851747,4,300,als_cpd_tensor,"[{""panel"":0,""position"":[0.3,1.5,1.45],""tau"":3.431313726411609e-08,""range"":5.390732788777423,""elevation"":0.07426967441626317,""azimuth"":2.382504207445267,""score"":0.8807374318472401,""component"":0},{""panel"":1,""position"":[0.3,0.050000000000000044,0.35],""tau"":3.731101877650081e-08,""range"":5.280388243301813,""elevation"":-0.1520896713490236,""azimuth"":-2.737958728276528,""score"":0.5027788114628913,""component"":1},{""panel"":2,""position"":[0.3,0.7749999999999999,0.9],""tau"":3.3127740314772174e-08,""range"":4.579642453292615,""elevation"":-0.07649977395159097,""azimuth"":2.971043488623992,""score"":0.5419767928262954,""component"":2},{""panel"":3,""position"":[0.3,1.5,1.45],""tau"":4.855853490048496e-08,""range"":7.5741336138201305,""elevation"":0.04622636727772462,""azimuth"":2.356194490192345,""score"":0.9963229969629651,""component"":3}]",nan,,,,,,,,,,,,nan,nan,
proposed,0,3147786918,-5.0,4,1019bea769a413de,a32c9ce643ff58a0,False,,121.01341574899561,0.0008352109942611924,1.6978788342793693e-05,5.5833131996105424e-05,1.6804085500850624e-12,1.8726403034399655,0,,proposed_rg_jnpp_adaptive_jones_vp,[],nan,,,,,,,,,,,,nan,nan,
peb,0,3147786918,-5.0,4,1019bea769a413de,a32c9ce643ff58a0,False,,2.625074780000432,nan,nan,nan,nan,nan,0,,data_only_efim_peb,,0.0007229600740097714,True,False,jones_linear,True,77.24390083874212,"[""p_x_m"",""p_y_m"",""p_z_m"",""c_delta_t_m""]",matched_model,1019bea769a413de,,,,nan,nan,
als_cpd,0,3147786918,0.0,4,b72cd4a804dacde5,430546ce2531fbd5,False,,7.043792633005069,1.1951072127637754,0.0010675642616402318,1.1995012524472444,1.0523109062568935e-11,0.5915517608425553,4,300,als_cpd_tensor,"[{""panel"":0,""position"":[0.3,1.5,1.45],""tau"":3.430987660095572e-08,""range"":5.390732788777423,""elevation"":0.07426967441626317,""azimuth"":2.382504207445267,""score"":0.8810755314603929,""component"":0},{""panel"":1,""position"":[0.3,0.050000000000000044,0.35],""tau"":3.73115394756423e-08,""range"":5.280388243301813,""elevation"":-0.1520896713490236,""azimuth"":-2.737958728276528,""score"":0.5040819664597954,""component"":1},{""panel"":2,""position"":[0.3,0.7749999999999999,0.9],""tau"":3.312910712079148e-08,""range"":4.579642453292615,""elevation"":-0.07649977395159097,""azimuth"":2.971043488623992,""score"":0.542938838363222,""component"":2},{""panel"":3,""position"":[0.3,1.5,1.45],""tau"":4.8576722438887186e-08,""range"":7.5741336138201305,""elevation"":0.04622636727772462,""azimuth"":2.356194490192345,""score"":0.9979086415474621,""component"":3}]",nan,,,,,,,,,,,,nan,nan,
proposed,0,3147786918,0.0,4,b72cd4a804dacde5,430546ce2531fbd5,False,,187.56104553999467,0.0004689451899609705,5.367999593434953e-06,3.123476648521431e-05,9.4533389873794e-13,0.5921808600428079,0,,proposed_rg_jnpp_adaptive_jones_vp,[],nan,,,,,,,,,,,,nan,nan,
peb,0,3147786918,0.0,4,b72cd4a804dacde5,430546ce2531fbd5,False,,2.964145320998796,nan,nan,nan,nan,nan,0,,data_only_efim_peb,,0.00040655032607836775,True,False,jones_linear,True,77.24390083874214,"[""p_x_m"",""p_y_m"",""p_z_m"",""c_delta_t_m""]",matched_model,b72cd4a804dacde5,,,,nan,nan,
