trial,statistic
0,12.588895218349396
1,7.998345895605713
2,4.32699455526343
3,16.721041134276682
4,10.65535606480129
5,14.460867591527755
6,7.873935891331838
7,4.348325054365273
8,4.596401381715357
9,9.811234870343696
10,6.754648898219026
11,11.508138158108594
12,8.933877226775802
13,8.416250640764389
14,14.122885552109794
15,13.168039224016601
16,9.60318388685173
17,8.436580590101924
18,15.929306536797494
19,8.36700207286696
20,10.486606617457971
21,9.5942011554089
22,14.30412990387507
23,8.87867734602731
24,9.001227844003482
25,21.40666869407096
26,10.035897067340123
27,13.5384847027145
28,6.370367325276519
29,10.067004439468416
30,10.742677566560785
31,12.585241957149764
32,5.784304253532292
33,12.3055748158144
34,14.484970011629901
35,9.446949530042593
36,16.55231581573186
37,16.13693432984925
38,11.915011263831373
39,14.080734449213145
40,10.93518342136567
41,14.615051541602634
42,19.54831739482944
43,8.565773197841482
44,10.219405749257932
45,11.361455249679354
46,14.800518669036093
47,11.765762693198232
48,19.991503918370345
49,6.770581721074878
50,5.563257178621864
51,7.611380736893823
52,12.756758318475448
53,11.183211504392286
54,11.814345102407373
55,12.249172866585937
56,15.257917276349612
57,7.034327314988214
58,11.344366068523106
59,8.22690309793828
60,10.413372575922425
61,9.491570485228227
62,11.050091083047628
63,7.796000980332312
64,8.341116502716682
65,9.803941475899165
66,7.201649907324449
67,10.821900009666484
68,17.83753511019242
69,23.05389257235678
70,16.515178721224775
71,5.568625326207021
72,10.482655073229097
73,14.709184715171574
74,7.974191371306301
75,3.8013332404908082
76,16.132804886019702
77,10.371577813066128
78,8.857552527746327
79,16.049927828175655
80,23.637276932232975
81,11.19601614638592
82,7.7105337269509295
83,8.7224331944072
84,9.447908957267096
85,4.022127666730114
86,10.374234465670789
87,5.372600897951833
88,25.378636426305924
89,6.131471402715475
90,5.890375426274317
91,11.632762534617875
92,7.125019449718331
93,16.302215338500467
94,17.40797218695221
95,25.459828900684318
96,6.2872448962490415
97,7.706556837013984
98,15.919494818831504
99,8.033791414842142
100,12.478608629817046
101,6.767275895135388
102,10.840231054681036
103,21.075023450287702
104,6.396145768894263
105,6.7287957484311445
106,3.577464497327324
107,27.63905560588542
108,9.545665045139128
109,12.946862617103394
110,11.298837238389144
111,10.084673314137843
112,16.75764418240281
113,10.374074156307891
114,18.843837910669077
115,8.170450386943019
116,11.458785821975976
117,17.048183069440526
118,6.510579632536476
119,9.911301346349251
120,10.120704177853296
121,8.86435774567488
122,11.165278416936424
123,15.547241501774659
124,7.45511285848014
125,11.820611891690271
126,11.728126898941657
127,4.405033180401616
128,12.929033770101078
129,13.418869856002717
130,12.607893826442915
131,15.81729059483332
132,7.987777151587678
133,9.520501891055071
134,6.331808275215169
135,3.719362139324818
136,11.790680860250166
137,12.325061367039481
138,9.499801383680467
139,6.741616353284424
140,8.800164849583664
141,11.602018365522188
142,7.946162462743476
143,8.78370908844486
144,10.359317290232868
145,9.858820405252363
146,12.799789172087014
147,6.397827508160559
148,21.24221433835539
149,13.800058166127473
150,4.901048078224766
151,7.178464118040303
152,10.251567395548566
153,15.163858657618452
154,6.50887721685519
155,10.614426429618522
156,12.010631472619336
157,12.640261633105187
158,9.438067065219952
159,8.738077325405136
160,19.939002702394745
161,9.79139502719529
162,7.3701104246711955
163,9.356437362648954
164,19.990497595684698
165,16.49537184568634
166,1.873870872005144
167,9.369452062640283
168,5.856618044856964
169,13.35559412739097
170,11.767235805689875
171,15.714680406099765
172,9.500218363384029
173,11.983912856925667
174,8.30551136457476
175,17.665899318391222
176,8.669212213546169
177,14.488056368406927
178,8.315860074676362
179,4.966642925225811
180,11.000798917525188
181,8.410623659032154
182,2.9967511885527074
183,6.164890332167154
184,11.596604876756997
185,8.507944219523564
186,13.04688552322875
187,8.510685349109025
188,7.278842323941407
189,23.968798170958678
190,6.638338531280897
191,24.806078231655
192,26.071175057896937
193,14.179908378672328
194,9.557899204036222
195,4.981604707187847
196,13.325694852631575
197,11.995892516128714
198,14.825216527375888
199,15.466338190650319
200,16.716972570288963
201,1.8846344482021045
202,12.631340289300075
203,14.81919079032473
204,10.325817962619496
205,14.574441903129792
206,12.22730455475637
207,14.233650370904567
208,9.30098264682388
209,10.983586414040186
210,5.133720182853346
211,22.840516290938147
212,13.77664869049942
213,7.754525846993811
214,12.982804749952248
215,4.85774462913789
216,5.825357147694565
217,13.25636688187823
218,8.937673644371928
219,17.927162005664627
220,7.781163067406407
221,7.754035817688283
222,11.277563641929277
223,12.005469391024267
224,15.04380447557026
225,12.639272611808202
226,11.44707065429843
227,14.281784105223874
228,8.65283346816631
229,5.358460859852137
230,3.6103611530163557
231,5.0954808253575505
232,5.194488895541385
233,19.817729546958056
234,15.560108818011411
235,14.272308579250225
236,9.317932690474386
237,10.801894827790257
238,10.063062547835749
239,12.661168692269271
240,9.20645792106415
241,11.178193984927308
242,15.214981736580759
243,20.25855538075539
244,15.038216774295808
245,7.736801881947648
246,15.104889258768441
247,5.194335059634545
248,10.479757936852966
249,6.5492098758880095
250,7.538777976399154
251,12.411753302841825
252,7.3614725075572975
253,13.61597009173298
254,9.281040636295057
255,4.882233946310287
256,10.124172011250966
257,20.01473773656744
258,12.260279656030628
259,11.549228521192736
260,3.2335837094405293
261,32.60624265837366
262,8.025235761698001
263,12.973648525074859
264,24.138544532320882
265,8.580579104879678
266,9.823663436056579
267,16.16288690888333
268,6.588111204079886
269,4.302551652524721
270,14.89554782544443
271,10.170411952900615
272,4.882523090306254
273,7.3710079927363115
274,8.788620931549255
275,14.507066976450915
276,9.932599552303511
277,8.405023334119575
278,10.421710490986356
279,10.92096986144993
280,7.767318402272247
281,5.157191185138566
282,10.124309950275432
283,10.934675430733733
284,4.29861830137858
285,13.93579193785218
286,4.2922908406041325
287,7.329019004297126
288,10.657408978551915
289,10.322398178652218
290,5.21275240098964
291,18.17323397660403
292,9.821978809097343
293,15.589942690465445
294,10.315031190175837
295,4.960923633708525
296,12.410196549599394
297,5.880201046744846
298,14.356589900633772
299,7.669712497104692
300,1.821864226980605
301,9.163341973967096
302,10.950721164257978
303,6.060452357071304
304,12.52270519062661
305,17.69512185525442
306,15.625412417609134
307,5.396787273037644
308,11.612879053860375
309,10.804851715345745
310,6.893459697942713
311,8.45691659497683
312,9.723865301602657
313,13.286757779922013
314,9.471620406076502
315,6.931685787911584
316,19.730370260897995
317,3.1517820881921472
318,17.07891174145939
319,11.98551598465581
320,8.056706895966876
321,21.829802808578307
322,11.704776813762736
323,12.408842091213808
324,15.206870308812999
325,10.191876278128454
326,7.882681423824103
327,14.382786613476465
328,8.562423159826967
329,17.590056316630953
330,6.538598147423608
331,12.295169092860109
332,11.140922956175839
333,12.133048903721518
334,24.083710687950354
335,6.433922990300141
336,10.582819572513982
337,9.468247228350826
338,11.917756955852466
339,7.86729455297672
340,10.439087992358315
341,13.906997754197816
342,9.625278392607038
343,10.330011378896762
344,5.18898387456361
345,15.343761574104693
346,10.727701085483085
347,11.668742250622882
348,10.846558540399158
349,5.15956338362414
350,19.907954914564954
351,9.595347742642316
352,7.280877469542614
353,15.803351249564678
354,8.03768825010044
355,12.5152800408947
356,9.5044536733494
357,8.222382004639181
358,7.990847881279298
359,8.607760348758804
360,16.044914541565674
361,14.747213189576318
362,8.781002782526079
363,7.129758583590216
364,13.38922926420836
365,9.85432432106714
366,11.611306724328111
367,11.638042834552971
368,7.359834176120075
369,18.23001521742952
370,6.283084520333369
371,18.69270686848894
372,9.969479972122647
373,7.913490522691026
374,7.0011920408941695
375,15.36669029227057
376,4.771676288930671
377,6.328176604869078
378,22.914382254158912
379,10.142370391302268
380,15.739860758390098
381,7.775793856598966
382,10.474023116909333
383,7.649631256777069
384,14.431890225869218
385,15.057969431416467
386,9.862269710882044
387,6.3140865987744945
388,6.853664291124128
389,11.848495404836854
390,11.222253187535477
391,8.337609357754424
392,10.69952906032531
393,8.434890533379583
394,9.89572647930108
395,13.95652235935689
396,5.321975587845153
397,12.435855644611362
398,8.594169206874907
399,7.698393461010979
400,8.835293243901795
401,15.878550222156242
402,10.953090176790878
403,7.830769818157366
404,11.890034300849624
405,13.501027259672153
406,9.319260904294211
407,12.70364299452749
408,16.67581928501888
409,5.226374465703145
410,7.070660073609087
411,11.23413403054305
412,8.370039919582936
413,10.243716654847507
414,10.115660584932355
415,11.754089532064228
416,3.781832705220956
417,10.97828696842619
418,18.287324792982513
419,7.818709298467925
420,5.996625584004096
421,14.912150564958472
422,9.277494886095466
423,18.335209258483427
424,8.707435377434129
425,16.474195935242378
426,11.912818728059518
427,9.826712348195485
428,3.213109195428085
429,8.378171881253023
430,6.396635985527698
431,16.718192766845128
432,8.042123255496385
433,18.52411860378128
434,15.810444724522869
435,6.79750586987892
436,10.01476288695391
437,6.098108380054485
438,8.198106671531793
439,7.28175320310165
440,7.185990094665624
441,4.199680621054817
442,7.228557333659925
443,9.109297769735011
444,10.670565705384861
445,7.923702416854269
446,5.893405517972066
447,21.362395856850448
448,5.644975470873208
449,4.090765254967488
450,7.185870576518585
451,10.307113287094955
452,16.701359542646305
453,10.866505080092661
454,7.062459390860786
455,8.523056064750428
456,19.93262645181496
457,11.350235276058118
458,9.76920213738533
459,11.705109528375505
460,9.500470650028724
461,11.931507675584566
462,10.28068204859696
463,4.942929534918074
464,11.35774250030526
465,16.06760951097066
466,5.10961808619089
467,11.207131599504656
468,10.29197150270436
469,8.726622994161659
470,14.716060669300926
471,14.502958721199818
472,7.354921582030219
473,12.342886073918367
474,8.631236298581301
475,10.582350840792932
476,11.03491041790676
477,9.788736227773265
478,16.42068259374303
479,19.674570142435126
480,4.316853223288062
481,10.444632767951157
482,17.194548258584355
483,15.202238811519647
484,11.72481112288287
485,9.439851374244043
486,12.758327979780045
487,9.691116893648887
488,8.897147357275225
489,8.877771512250746
490,14.943663437435426
491,14.03979652467177
492,13.299798760114191
493,10.850176340344635
494,8.200553739427026
495,21.293637669048568
496,9.321977343087307
497,14.788400583002007
498,7.817345479280883
499,15.417067785494584
500,11.424136780090755
501,9.295359283093157
502,12.654256061313266
503,11.495362207509675
504,5.651190245270067
505,5.671336139511381
506,3.0027635914454236
507,6.635415126704059
508,3.5019160195848933
509,8.644413315148993
510,9.617279165989931
511,6.157882372368144
512,7.6422546648846215
513,6.055781905550548
514,16.348689345879997
515,17.81224065285006
516,12.290806824734334
517,12.664019865240764
518,10.728395642404951
519,5.797225992413037
520,10.218276927821732
521,5.093865408832269
522,5.947911948150317
523,12.095964486972184
524,6.380574030691983
525,12.223000527590571
526,7.346054731945316
527,8.951382105120839
528,8.334569384279721
529,6.694397410599262
530,10.237455680081737
531,9.74311105011144
532,13.21352319701311
533,18.920253781424528
534,11.568800751502192
535,11.16064030388447
536,11.896864259410277
537,6.326184690037769
538,5.596915158707971
539,9.338907078468205
540,9.223771530712266
541,16.435627181284772
542,12.869126616533999
543,5.80721453006198
544,9.50083068744956
545,4.959064515907642
546,5.038507464839902
547,14.06502756671589
548,10.664981826270928
549,15.436786813042822
550,20.735454785007214
551,8.533933577439306
552,6.378882855650163
553,23.182460857218103
554,14.796906182774572
555,10.343565346896554
556,5.1828162583219495
557,11.859519639190298
558,9.372204028963006
559,7.16596546850432
560,10.5031688168311
561,11.986538666350242
562,26.327961823560376
563,5.338922784344164
564,15.113837691525362
565,11.99261080635923
566,4.553418379958732
567,11.204950573922353
568,9.65430433020145
569,11.057019357228832
570,13.298800979988878
571,15.782771386230365
572,12.652886193614235
573,13.430568338911208
574,13.605081190845283
575,10.034811720321533
576,22.61926746479932
577,6.699191737621824
578,9.546961026422093
579,2.982980572979429
580,8.675504680988828
581,6.420215099051697
582,12.531584773155249
583,7.2574119825871515
584,11.20820210812119
585,17.481663454903565
586,8.90852131290041
587,3.9386542739345276
588,4.54633000943551
589,9.42000991396765
590,14.673878085222702
591,16.077183631906635
592,14.559841211039378
593,8.042762388954529
594,6.457717289615984
595,17.1859406622611
596,11.742415893155998
597,9.48498481137814
598,2.2192369901703985
599,14.305719829846463
600,7.334127377441804
601,8.025677581702308
602,10.090158642402045
603,10.696003911610555
604,11.234900235623645
605,7.819983580557728
606,11.637565593824672
607,15.422390973498658
608,6.882101623496798
609,7.843802601238281
610,15.182344032799909
611,7.9656882892598615
612,12.952327781585165
613,6.508561954011046
614,15.569954521380444
615,3.666323112001674
616,3.507989438950485
617,6.0860069226955
618,7.137615784465343
619,1.6301365321251824
620,10.196327998424104
621,12.31907788213197
622,10.91437997443064
623,9.855242927772277
624,13.136580102523324
625,9.023410501768891
626,8.556378978863965
627,7.099989090508739
628,6.720274923880065
629,8.574425913239281
630,15.482064154944736
631,9.182666377158524
632,7.336680309484491
633,17.10961592615763
634,6.076365928261149
635,11.455579092665266
636,6.284190359291232
637,17.84139226769525
638,14.52170587275357
639,11.087743172560842
640,10.717488428750327
641,16.44683095675772
642,19.233429532694984
643,8.029292688611294
644,10.447909658881553
645,15.217229465913261
646,9.452645442709565
647,12.783977785044295
648,13.317009679899046
649,2.63129427344061
650,10.742800569320863
651,7.864910209144415
652,16.600951347302672
653,12.826083917959664
654,7.626722968572087
655,7.655828781966847
656,6.845647282892634
657,6.083514027662207
658,11.177682542948151
659,9.265575972732925
660,5.460206469856367
661,8.27002679162163
662,9.519325369106237
663,5.705042548530155
664,19.659909608881375
665,15.258744688027786
666,8.456512641682085
667,16.52808444848781
668,10.828332409454053
669,15.075770515976899
670,17.86515287995392
671,9.158180530536645
672,10.126947550157757
673,21.527457675280264
674,7.1343780456134684
675,14.104973308321947
676,8.085390861861372
677,6.538279504795645
678,23.77957061276385
679,12.066078402577187
680,12.609723402362404
681,9.468833962990301
682,11.291876207447501
683,13.110222035971155
684,11.048134378041917
685,6.748471638254721
686,7.806873553882728
687,17.487724417568696
688,12.28062870942268
689,8.12902784916608
690,5.535801362412798
691,10.219443012674827
692,9.990025189179676
693,13.173453282803926
694,14.027478321466521
695,7.872962834762266
696,6.504455875453879
697,28.107503724364985
698,9.95642029941677
699,9.910711812229733
700,11.983833044528017
701,12.679765687271006
702,11.599646960144014
703,14.84295433862733
704,14.117265560139003
705,13.823411728566164
706,13.715999020507729
707,11.451248767164818
708,8.776293191366472
709,12.320441513804806
710,11.71057632938616
711,18.512304561311073
712,11.325896443158703
713,5.493942378935296
714,5.1517964748395535
715,5.491785034919303
716,11.935897386228813
717,6.459127138051635
718,8.823457189493118
719,15.291466714027415
720,5.112611195026063
721,13.952144565278694
722,11.104679674997978
723,12.060292176680436
724,10.223988987118073
725,13.554233738309534
726,10.379806980191464
727,11.035344816781496
728,9.463486582159218
729,14.74874697023724
730,4.048119748626686
731,16.488733761667614
732,9.588714309767376
733,15.138347746148275
734,7.11679065547439
735,3.8201889664628945
736,21.31068880394678
737,9.842955480033293
738,13.29513316913493
739,12.161607706717017
740,13.527801423630885
741,5.604921599239985
742,10.140524395532163
743,19.856455439528084
744,11.551438459843924
745,6.139188444312659
746,16.918184598226418
747,6.571813113975695
748,11.54174375314169
749,13.283603541461023
750,10.325797927169079
751,4.691098892717006
752,12.958948203475078
753,7.444865847096928
754,15.432682368507914
755,7.766769497759528
756,21.348262490369827
757,6.953735668133927
758,6.173253852999337
759,8.382839111651046
760,12.880782803312435
761,16.4905370955382
762,13.881222867922329
763,5.43335940870867
764,5.232364154184285
765,9.290958881380062
766,21.571542708186186
767,21.62011544203891
768,8.903137220422536
769,12.813236164662534
770,11.783496972208074
771,16.064062828423957
772,9.41843919699796
773,12.107243199401314
774,8.136951721758777
775,6.59770537566881
776,13.55687490161321
777,4.2741595182929935
778,5.119874806732868
779,7.568556408982946
780,7.00811316602474
781,10.029993421444257
782,9.031576979957885
783,3.2376933886754937
784,14.687473624082937
785,8.183988124368796
786,4.2557164584334135
787,5.606175756144766
788,9.827637809659478
789,9.496641183041152
790,12.584184518467644
791,7.383206870094469
792,12.219356198992669
793,9.875235559835538
794,8.630078388601383
795,14.701441161599801
796,17.916737837301177
797,7.443336692197469
798,7.993514420132442
799,4.656357446975122
800,6.591139543545132
801,12.996513829399348
802,15.51102600888157
803,13.940371641606644
804,6.26466745263518
805,13.125784339941527
806,6.8769146769714355
807,12.951307215060211
808,7.453421507693867
809,10.28273810336648
810,10.945809584960115
811,11.477930480731837
812,12.458198842202014
813,7.526574275962139
814,19.51824630277909
815,7.4229305455852845
816,4.142959013357957
817,14.073962741390057
818,8.969147759814575
819,9.952078706004478
820,7.920261757289611
821,14.17214970623853
822,15.90417597474953
823,3.596536773985984
824,3.638446040445758
825,11.285692271442086
826,17.014533399463474
827,7.3659558296948715
828,12.12438487047822
829,12.87267749228319
830,17.82620581023958
831,15.433688993534153
832,7.363616946667753
833,13.057204562242404
834,10.0266200670574
835,6.004527219982778
836,10.65671995799303
837,7.757901059177141
838,8.178680113508646
839,14.856896928223676
840,13.543280130275122
841,7.839353196373924
842,17.792507720348524
843,7.996479365956647
844,10.768066587602943
845,16.766571779588826
846,9.451258717441949
847,3.9807857996470384
848,10.075811741162433
849,15.530783998689632
850,4.974436654771255
851,11.164742627084008
852,18.85887175821902
853,16.750310113840676
854,22.395462040565
855,16.89545318397515
856,5.489178558679794
857,4.8261262014031985
858,13.227007854585263
859,6.555171183715356
860,9.897967728855207
861,10.103611515803205
862,7.929508416178542
863,7.680340003901519
864,3.1223111462093422
865,11.614363953912871
866,4.849798187477282
867,13.511050291770582
868,7.72939929166537
869,3.8778391226583637
870,10.691391693764302
871,8.310172062326455
872,16.46449642907243
873,19.68010846591414
874,13.070613442001374
875,9.036416659915897
876,7.416222013550612
877,11.654653350977435
878,14.594654225980559
879,7.545536756422085
880,9.641682927185025
881,8.724931082871196
882,5.57600616002406
883,7.348617827906797
884,7.547240762298982
885,16.287582803828073
886,8.001155692645343
887,9.700483370984445
888,7.304077597924759
889,5.666360327634436
890,11.349660844119574
891,3.945960144149277
892,6.980232870945979
893,21.188948043661288
894,5.474425925136077
895,6.660421371186255
896,16.10427596525196
897,12.235221131452152
898,10.33409936476362
899,10.975979084136927
900,4.679338074293461
901,10.867154749723962
902,9.105712951557129
903,6.390494123986969
904,14.8239613210157
905,14.387074941231084
906,10.521536954361236
907,15.077071096261626
908,8.259839821885445
909,9.328024507862665
910,11.309945731499052
911,10.995667024960445
912,13.007612161070353
913,5.815881647130959
914,11.125564014823764
915,5.7333422812491595
916,6.340168060320687
917,14.287728526906806
918,5.0090954690451435
919,7.280005498292818
920,14.054036324289894
921,17.44104610834648
922,15.29969574045425
923,14.141623036092358
924,12.792790951893314
925,3.5588440145238276
926,11.124067639984295
927,14.951606641072493
928,11.258090436478652
929,9.381400775067144
930,15.619857336472196
931,12.687024562522046
932,12.986362749313042
933,2.9971802843376114
934,11.121404343697465
935,14.435030906937843
936,7.461439372194421
937,15.725107826794181
938,7.342892538119355
939,9.008997786321801
940,14.434879610376065
941,8.459399755159028
942,14.187399034313904
943,2.4799846394842793
944,8.993384822234638
945,11.227553554784478
946,9.633769794851148
947,11.725325712099771
948,4.513618214112908
949,7.987114768273593
950,13.01967217941143
951,10.601882482661878
952,11.904367647482252
953,2.5076049988438696
954,4.32669855080931
955,19.773804522564152
956,15.975916069471337
957,9.429991896961651
958,14.723074282617745
959,6.406150065278268
960,10.542848606393068
961,11.210785927003274
962,7.132382889066794
963,8.147850404951798
964,10.769341891578389
965,9.345797974910107
966,12.859920490561445
967,7.289465597087978
968,5.933552971444978
969,19.30672058792324
970,9.335982551277473
971,15.784672108630142
972,12.261776953115126
973,13.820098323094888
974,11.18653355623914
975,2.586603393402224
976,7.760258284518878
977,12.90636539870894
978,5.086125156413275
979,9.46429679154354
980,5.057288519780046
981,6.188391322553328
982,6.130862147595045
983,14.483445567375595
984,11.740326637078638
985,15.519514587113303
986,12.50813057564966
987,10.031527797326197
988,12.657064214741267
989,9.168018241045683
990,7.846999872589672
991,8.341235806733717
992,6.678180669357008
993,17.441611573074695
994,14.770575161133026
995,4.291622060589628
996,7.946877293170708
997,10.774266171200345
998,16.112106372490768
999,8.721092552860247
1000,30.98450804321253
1001,9.284923382159949
1002,5.951714202356923
1003,8.458843168639127
1004,8.130481686649134
1005,16.570972909686603
1006,14.455838540410706
1007,6.6065696258033295
1008,6.2496693729756485
1009,5.903718545588132
1010,17.55390863447866
1011,12.362123922526102
1012,13.735855328287961
1013,13.933753658422779
1014,5.954080381205808
1015,14.009353024865813
1016,16.820994798474285
1017,9.173382014784139
1018,16.024566045073914
1019,12.182643309904622
1020,14.051783578188338
1021,13.722598646232088
1022,5.315246452248676
1023,12.817736366063123
1024,7.490991581927361
1025,5.212183033647647
1026,7.680256405321815
1027,3.978868428623493
1028,15.435606603124429
1029,16.922233173494774
1030,8.557570750918805
1031,7.829955474317602
1032,16.848646355829512
1033,18.072747806275796
1034,11.498430653098037
1035,11.794545307159726
1036,7.1667552640122105
1037,10.353398033384533
1038,11.886155481592786
1039,11.588167541691652
1040,9.100121842610598
1041,17.660905378933162
1042,6.475936649324287
1043,11.973658839315592
1044,11.64470045802986
1045,17.19192019550717
1046,8.00687872288476
1047,5.166961832252119
1048,15.650091685112379
1049,17.37044919339525
1050,8.576236516922235
1051,9.773288631388528
1052,14.721569824776417
1053,7.834587266748477
1054,21.866980573448593
1055,8.300398023851832
1056,9.400081364198423
1057,13.04904083217825
1058,12.749526112497978
1059,5.762263741799295
1060,13.258044285908115
1061,7.959136000051225
1062,6.910106388058368
1063,8.591890695755568
1064,9.048830764361764
1065,13.02563212221115
1066,9.834680322398471
1067,11.140830148416388
1068,5.249977654630905
1069,4.73645778292817
1070,13.651626105593037
1071,11.07301629182031
1072,11.221445784904246
1073,14.247214681807929
1074,9.553872578630026
1075,7.553279184704628
1076,5.450846941246309
1077,10.073888320919732
1078,6.504817758813533
1079,10.776895213387705
1080,11.09625629718054
1081,14.693261959423339
1082,14.260630080230365
1083,12.878460589376642
1084,15.25065453562262
1085,7.678100576698356
1086,9.64324242179638
1087,15.413644849648955
1088,8.345478356682344
1089,7.067436500629069
1090,17.525863508802157
1091,6.833481115130886
1092,15.147947233282782
1093,9.820363126214644
1094,11.29854100666288
1095,12.338551216918226
1096,8.481764359241811
1097,5.837745877545154
1098,13.84798581339646
1099,14.618770800344727
1100,16.536642492309575
1101,15.84278630250879
1102,8.660586546655376
1103,8.091991698185748
1104,5.481579507423004
1105,11.09601501069545
1106,8.411475669709546
1107,13.508194234238657
1108,8.506469508502333
1109,7.932448637898593
1110,9.158470302659468
1111,12.93581083908276
1112,5.51324258632142
1113,4.038928610053741
1114,9.39609286163338
1115,8.01545826647223
1116,6.2824273492469995
1117,17.907632688856708
1118,10.398798477292974
1119,11.210850392866124
1120,6.887876419508514
1121,10.735251446845357
1122,14.550099224237913
1123,10.170203314276202
1124,5.332651551002164
1125,14.82423679212258
1126,11.868262944460373
1127,25.704100831853317
1128,10.519843172294857
1129,3.7124355667274234
1130,13.469351433004954
1131,11.995591825767749
1132,6.230811481951
1133,16.45197687416538
1134,11.922073255318821
1135,9.755870071963953
1136,4.200661750240501
1137,17.473222933140693
1138,15.616182910137663
1139,14.267474190581297
1140,9.666564056015458
1141,5.6845862417772235
1142,10.590604427254974
1143,12.540632963662677
1144,7.596455457178662
1145,5.912170743070722
1146,15.107534741748257
1147,16.315621415371872
1148,23.996249699615227
1149,9.658094310643472
1150,4.242999078455148
1151,17.235550964218312
1152,6.789773802990582
1153,7.8957154494648005
1154,8.293681301319097
1155,4.514751541159956
1156,8.790282912510335
1157,3.5677944792709284
1158,6.783794902347388
1159,13.706584408639527
1160,19.136295451274442
1161,14.66892048846811
1162,11.520775939219602
1163,5.983728457375648
1164,9.507846990256109
1165,12.599936591290572
1166,9.88975368481579
1167,4.764796620296634
1168,8.902153860516883
1169,7.782433015537019
1170,8.17971799915866
1171,14.761954826989548
1172,17.587462857451374
1173,18.99579379956089
1174,6.225620416505414
1175,5.180503104283089
1176,11.800145325002294
1177,5.3225864203655275
1178,11.460589236685488
1179,14.22200227150714
1180,12.501587958829386
1181,6.270479456521967
1182,14.64264357133164
1183,8.694762583361168
1184,16.261322550951427
1185,7.6887470863472345
1186,9.25077629793543
1187,7.122989532988056
1188,14.400809195636764
1189,8.791904445516204
1190,11.672909491741848
1191,13.826060131053286
1192,12.206667709496417
1193,22.507304784113003
1194,7.991677335843787
1195,6.737092197774389
1196,11.588780006265296
1197,5.6593567953902
1198,9.644548897158563
1199,10.976933445070216
1200,8.740030846118263
1201,7.94600335376641
1202,9.978684713512775
1203,3.3818466646847125
1204,10.361724222257672
1205,6.11861595454659
1206,15.161864335142573
1207,8.997209635572418
1208,14.897179019242346
1209,5.475271497382174
1210,3.512419958052301
1211,14.652853139699914
1212,7.6441412572535805
1213,11.5302389019194
1214,8.54783896998638
1215,6.002712448195964
1216,8.575650489793535
1217,4.375533849663984
1218,8.39247430567695
1219,12.576218988989597
1220,17.345094877825236
1221,7.839985873580014
1222,11.91937764291058
1223,7.8021927820984
1224,10.32941469566244
1225,5.8549151596552855
1226,9.440377084626332
1227,14.759106486618224
1228,11.043208348404228
1229,5.614062205144011
1230,4.827664678221754
1231,7.564490674916895
1232,18.121391901546495
1233,5.421673078070618
1234,13.784279839783064
1235,5.719013575681739
1236,6.260735377937482
1237,17.626301235772605
1238,7.9280381520499565
1239,14.15602678122207
1240,4.8781741286774105
1241,10.920758895524184
1242,11.808096617565072
1243,3.7292839865249467
1244,14.127622342725306
1245,7.238729908497399
1246,8.815451860186458
1247,8.293019189733782
1248,12.742951395103677
1249,9.758552909393927
1250,6.4575279237538865
1251,6.265967185783631
1252,12.630356107021342
1253,1.7033813158955267
1254,9.966817651369752
1255,7.4585693175841214
1256,12.646490272838308
1257,17.146146457637883
1258,4.625502275335719
1259,9.097035799309202
1260,7.168469087582487
1261,11.610920403901769
1262,6.130512568343851
1263,10.01928154554956
1264,7.751151451225348
1265,13.462887123190598
1266,8.29059797045799
1267,9.71212536336256
1268,22.593239683673197
1269,10.02506255593941
1270,13.859416093028804
1271,7.046276723964781
1272,7.934212853131286
1273,13.878416889984017
1274,5.8087654686154515
1275,6.345887424183051
1276,9.902762882943916
1277,5.116162862596645
1278,9.074283474084277
1279,11.77558237733539
1280,11.491894539111108
1281,7.616415716005218
1282,11.208718258336372
1283,21.42204063328654
1284,18.638141919572647
1285,3.59880145734082
1286,14.409182047315198
1287,5.489214405463834
1288,10.40217088027497
1289,19.665106634930453
1290,7.325709049448499
1291,9.753258896157426
1292,15.17278059229848
1293,8.881340464932258
1294,8.795763286576337
1295,9.715374289324018
1296,17.657749752562317
1297,11.801534624439544
1298,8.10076363534943
1299,4.162849804749186
1300,6.318996470652755
1301,15.277925296184591
1302,9.255240891027505
1303,10.023039044881623
1304,14.790054834713855
1305,6.146974900100071
1306,11.409869706017146
1307,4.959764989212376
1308,4.194211553262229
1309,9.02517955061617
1310,5.262671206194771
1311,4.323350770316234
1312,10.66201872035753
1313,7.404124366474236
1314,7.692525511790129
1315,8.649065142057953
1316,16.27779066188617
1317,5.817417819837004
1318,11.42303316068566
1319,4.153625070689723
1320,5.811347246562237
1321,6.8401283036109914
1322,6.542591466212395
1323,3.544228661665404
1324,11.16683885983834
1325,6.465503527515122
1326,7.78211559162586
1327,22.29567825801501
1328,13.649916412253898
1329,12.129591554171247
1330,4.68638422620637
1331,14.598370369446126
1332,18.855919310318388
1333,8.00895329908376
1334,13.790508255452608
1335,9.617815665250548
1336,6.379245401466102
1337,2.309058965830911
1338,10.217870397733664
1339,11.585433920561403
1340,10.834662183750499
1341,12.271335337917685
1342,12.585552502655428
1343,6.826267884384295
1344,6.315155316979592
1345,12.55154261080494
1346,12.249019069260248
1347,3.278857288565232
1348,12.950558173932487
1349,8.334414291133623
1350,8.557592518253994
1351,14.01841810945999
1352,9.123719071502965
1353,16.618082564152125
1354,9.934727253641645
1355,8.677602981457792
1356,16.645302975389296
1357,19.44407910601691
1358,10.229318099372406
1359,11.511806286241
1360,14.811561111580582
1361,14.93756425069842
1362,12.617507234411685
1363,14.863895424867696
1364,9.231734513081289
1365,6.066458197356692
1366,12.119978226467124
1367,3.4837553946326074
1368,15.371398928500708
1369,16.166213300466534
1370,9.344914446670776
1371,9.84643864420383
1372,17.689519862500926
1373,5.122999730205279
1374,10.016722569786134
1375,10.822255526644772
1376,2.9738929877334277
1377,7.970846925541611
1378,7.9667971473528905
1379,6.739749103309194
1380,9.282541565400782
1381,12.061514342332647
1382,10.217860677961296
1383,14.133969000314307
1384,10.918197194992231
1385,11.101857442079627
1386,24.899461826602852
1387,14.66868755063117
1388,14.39974670322978
1389,15.554219394385969
1390,5.975254962070758
1391,6.172693628513097
1392,17.509167869755046
1393,11.739526113583269
1394,7.827810157509083
1395,10.930516593678247
1396,7.43115306664827
1397,6.3813289510749875
1398,14.225650800126255
1399,11.821267132678926
1400,9.682702190399924
1401,2.8324969477036914
1402,18.926255040141243
1403,13.743766087426016
1404,7.165199682160393
1405,14.009602624411649
1406,14.292864208630883
1407,17.012719725371916
1408,12.887908228948191
1409,15.266676684074996
1410,6.138790877921318
1411,9.029093284825217
1412,13.275417928584382
1413,12.086738723760366
1414,8.16391986485762
1415,16.745648607584087
1416,8.5091101584727
1417,9.859054304826477
1418,12.02555704295842
1419,12.578664207137512
1420,9.482173627705883
1421,15.376868345882938
1422,10.825704621378271
1423,14.027786178617497
1424,6.447341820278084
1425,19.72377102637308
1426,12.660653350671335
1427,8.001787094779752
1428,6.473731230072958
1429,8.240004127491979
1430,5.393340235275681
1431,16.03799857185998
1432,33.88407756312403
1433,10.439624701456214
1434,17.509350674490694
1435,4.726606452191223
1436,8.390408616390902
1437,8.390026561105818
1438,12.527633174133205
1439,15.200560580308153
1440,10.808609769509765
1441,9.10875148263003
1442,8.290448251375654
1443,17.814138573283937
1444,17.410226985940305
1445,16.09696293757497
1446,10.275963966052908
1447,17.29278179929374
1448,13.666181248863248
1449,14.194622394006295
1450,4.626262956747302
1451,12.412790027694392
1452,9.053027855260284
1453,8.254914707342907
1454,15.313892183561892
1455,6.120585613154736
1456,12.99578733531367
1457,6.130785451599399
1458,5.5053292871731125
1459,14.29058139863705
1460,17.5155608941971
1461,12.186891113655337
1462,8.181572301027357
1463,7.632344502856389
1464,6.8644368864657554
1465,7.379957771283906
1466,17.930009102677133
1467,5.872146734502445
1468,4.234432490087665
1469,8.822159383278832
1470,5.0162299654718785
1471,16.353962803178526
1472,20.162583512705616
1473,9.831117031217664
1474,9.945750503582323
1475,18.24238276896672
1476,7.918460645843478
1477,15.162017610609489
1478,14.86900950380347
1479,9.238492406308142
1480,6.746752302783462
1481,25.03101726758616
1482,12.872218686778364
1483,7.328568977000749
1484,26.239908866674906
1485,7.85106700451143
1486,1.5389355086873886
1487,16.412963059046973
1488,15.821193617287536
1489,8.837142778989438
1490,10.420882898068804
1491,8.845902592722062
1492,7.6744763327442405
1493,7.436626668318627
1494,8.046800202205484
1495,9.245999177774811
1496,12.938520058537076
1497,10.440359504323949
1498,8.881226340576625
1499,11.502426202530142
1500,6.415176780922387
1501,7.443240592723579
1502,11.29483754216387
1503,9.985057975665248
1504,8.375343854673453
1505,27.618582897838515
1506,16.54556565250413
1507,18.444567309589736
1508,5.719131279163482
1509,8.6676363199551
1510,17.043908879952557
1511,8.903060842975147
1512,18.27942430260384
1513,18.184201391525992
1514,9.640649517068132
1515,16.951667850334253
1516,13.088959955132003
1517,11.325127863919821
1518,15.357126296137633
1519,13.731852451564665
1520,9.956910452039248
1521,11.150028108759212
1522,14.224677732062808
1523,15.062962678972443
1524,13.415532919925418
1525,7.492386059158801
1526,14.555152824256322
1527,18.26403971611961
1528,12.289725362445985
1529,17.185211931244563
1530,22.065675033416493
1531,11.734871520131938
1532,8.992326082299137
1533,8.20922174262699
1534,12.420327774188305
1535,7.560165069247187
1536,7.849809358961487
1537,5.349578118748637
1538,16.758247021612437
1539,8.151435605780007
1540,12.554651165711046
1541,11.21248976262588
1542,13.490736202668657
1543,13.139690475172237
1544,7.5440870001483535
1545,10.098351634608719
1546,11.952650325612003
1547,14.005489974150535
1548,19.938545306438012
1549,9.599269553406355
1550,12.610508505185301
1551,18.6259621714146
1552,9.863130198097831
1553,9.782403445216909
1554,10.864750576336952
1555,10.857132818565338
1556,9.5259151065639
1557,11.936499786511192
1558,10.668578853274813
1559,8.899616589327998
1560,10.242106100110627
1561,9.956138669487746
1562,4.344876974311694
1563,3.6268332262098486
1564,19.3120945325198
1565,7.299344955817089
1566,13.56639767415078
1567,4.566905618830611
1568,6.287197503692679
1569,6.572395527982626
1570,9.182772956946032
1571,14.135514803559575
1572,12.030330121605312
1573,11.565397929374667
1574,9.843310726097895
1575,4.41629639188451
1576,18.379556985514352
1577,8.721615916948755
1578,10.367636472886593
1579,8.764881996795689
1580,6.455343048592336
1581,8.80972076525984
1582,15.398062057938823
1583,15.710097316710232
1584,11.278178320563908
1585,16.411266773081458
1586,7.208741563569711
1587,11.870190985674508
1588,13.597156168385665
1589,8.797747437834827
1590,5.159458390431105
1591,6.666625179905615
1592,22.362400054394165
1593,6.132808390042314
1594,9.73516706134861
1595,16.34688477211908
1596,7.59551795805401
1597,11.637451969409392
1598,8.957982455418295
1599,10.255641015267198
1600,2.896721710278624
1601,6.4182058177147745
1602,11.3314059800797
1603,12.617209028869983
1604,8.571498923359345
1605,5.737562685732095
1606,9.334921837404787
1607,14.208729891322069
1608,17.210691506817415
1609,10.279422814754204
1610,16.202079027921776
1611,7.78639852994246
1612,9.842078122339695
1613,10.29267063271631
1614,5.139071786963507
1615,17.525562696409494
1616,7.9466882494950655
1617,8.588217847495708
1618,6.485621554952721
1619,5.916313687803294
1620,8.488347868467278
1621,21.763244361027766
1622,16.173518410315957
1623,12.15296675775726
1624,11.248136106860615
1625,8.715243579696946
1626,9.421964053352378
1627,14.195469297759084
1628,8.894803553293855
1629,10.106607811992388
1630,12.210304298666284
1631,20.590921568045623
1632,8.966558688681127
1633,8.534997636424013
1634,11.328825134527085
1635,9.750926167534107
1636,7.7921063556624475
1637,8.035989530940265
1638,7.559470905843291
1639,3.377062716314638
1640,10.018815351029298
1641,3.8519422454974546
1642,13.83239603254427
1643,14.814584313315853
1644,5.016525633294407
1645,8.110982896187714
1646,4.407100388153862
1647,10.062993435755129
1648,31.466094728194676
1649,4.531206098286758
1650,11.802517364484915
1651,5.705662164052002
1652,5.406769193444326
1653,9.404825327742655
1654,4.663359284470301
1655,6.013624161238792
1656,11.986555325090238
1657,16.61262827759645
1658,9.716727836401219
1659,10.21391262671019
1660,9.649486224528658
1661,9.405980824546685
1662,17.911488834505956
1663,15.350320976611108
1664,10.452304756096634
1665,10.039790383139215
1666,9.06357064629945
1667,8.33896880918924
1668,7.137108649017538
1669,6.261210394167227
1670,12.729277807371366
1671,9.455965187899581
1672,12.239871238469926
1673,15.553656619633808
1674,7.176361347673347
1675,10.13298639208218
1676,8.919556124044021
1677,21.39458616625286
1678,7.181757127476497
1679,12.134090667489986
1680,7.002326965763546
1681,13.92315114533293
1682,12.995524900582112
1683,8.940546003768576
1684,21.98804852887839
1685,9.210731571911953
1686,8.735652832493528
1687,16.08375438142189
1688,7.623505672855333
1689,8.829072820207108
1690,10.006613082482732
1691,13.963471509717808
1692,22.966860102431152
1693,12.721416174412619
1694,6.557885532494631
1695,8.470946322163767
1696,9.38352571089351
1697,6.55933150167599
1698,10.06874775096457
1699,16.795997820505
1700,9.655344036444129
1701,10.246709136115175
1702,10.942522953606868
1703,18.26432243687473
1704,15.954226803147114
1705,11.023468386093057
1706,7.107212994015681
1707,6.980458502625573
1708,19.095516701564392
1709,10.365370876317614
1710,13.593816676449228
1711,8.307173177048968
1712,11.558497650031814
1713,11.021280575701386
1714,15.448844595164005
1715,16.169905603020087
1716,3.8824601978242264
1717,7.480327349591082
1718,22.169241955714003
1719,11.663956035812495
1720,14.172188994712851
1721,9.621968665870469
1722,10.341682167172417
1723,14.476009061344136
1724,8.062190814206698
1725,4.454085085485923
1726,11.431617834706122
1727,8.572930362867748
1728,12.053659423971641
1729,14.000246683489049
1730,8.261997860447192
1731,12.0233848511205
1732,9.361377219807522
1733,5.914202039665292
1734,14.437712758309598
1735,14.035974103400191
1736,13.580945962790576
1737,8.41758485164178
1738,7.460034274974929
1739,13.113391489677095
1740,5.78053629017896
1741,4.705263080273119
1742,12.873751402099892
1743,12.0289056260253
1744,17.891032091624087
1745,8.26239022327531
1746,11.742895412449279
1747,10.769824173832548
1748,17.470833858955103
1749,6.862390614151957
1750,20.398080520180997
1751,6.774428267062751
1752,13.08704061291302
1753,16.20723733087156
1754,12.031951191647767
1755,14.030175448570757
1756,6.543009702864113
1757,16.174749558432286
1758,7.211280510381261
1759,8.304760918869723
1760,11.691664582366052
1761,7.02240725603189
1762,8.821207545362954
1763,10.63980759410616
1764,19.873656464520206
1765,11.10329678590009
1766,5.630210528499368
1767,6.642692851030111
1768,16.604263514249556
1769,12.86927842595358
1770,5.860779586647841
1771,13.493517075162714
1772,18.12921514989971
1773,11.422708851365655
1774,10.902464899184508
1775,10.132158269977136
1776,8.404341402309429
1777,16.17725372584259
1778,7.223226812663266
1779,4.246772351158128
1780,14.214793680875891
1781,7.776100569933112
1782,8.987445682970648
1783,8.25273691718131
1784,16.841339461909246
1785,11.83819429148751
1786,9.806320063014937
1787,6.285033204016503
1788,10.91661556476275
1789,9.012680023549041
1790,17.837734259138294
1791,29.3260526551027
1792,13.547650125855789
1793,16.132059237499142
1794,9.712024129396617
1795,22.85666129086837
1796,7.832854564835569
1797,9.738725541791938
1798,9.077131710902481
1799,4.063589436605665
1800,18.63301463205418
1801,10.10126138183684
1802,13.973327961472574
1803,8.13945276653801
1804,21.3777177805152
1805,16.11569139923978
1806,10.404139388315114
1807,10.323328458779834
1808,15.748542667352917
1809,7.133285343904531
1810,8.22944426712857
1811,9.613260210294841
1812,8.285286275686264
1813,6.03021487974304
1814,19.664205121139883
1815,15.809297707626602
1816,12.083453679970233
1817,10.148424044255762
1818,10.096802822655647
1819,12.944831456162323
1820,6.114994558565115
1821,10.849950706091372
1822,7.047067748583468
1823,6.044326192886928
1824,5.1951371855396475
1825,15.492184811080818
1826,9.853751221929087
1827,17.596346651998523
1828,7.387361857228674
1829,6.148452603608282
1830,12.57508687188204
1831,3.0632352511927317
1832,9.012807235951698
1833,7.87648631405409
1834,7.037082943895894
1835,9.411431909068483
1836,7.6508422244127585
1837,8.712790945222187
1838,4.568291328431657
1839,10.025422706191101
1840,7.249817899407283
1841,10.843121619679797
1842,6.47094797950494
1843,9.276567013096074
1844,18.724795660733946
1845,15.142052348698249
1846,7.316256240992957
1847,13.460484688167632
1848,7.039320005721306
1849,15.098165445477314
1850,10.841073758376195
1851,22.986783146168385
1852,6.99472077215895
1853,8.028499707895053
1854,18.889118859886977
1855,13.300692056558002
1856,17.73262166732945
1857,7.440685757312905
1858,10.489967934504707
1859,14.848565948243385
1860,16.55907390029342
1861,10.152305381440879
1862,13.52879048631784
1863,10.680823958609846
1864,5.344332332536395
1865,19.146965635599035
1866,7.853290849968549
1867,15.335375524266446
1868,15.427893071582535
1869,10.021006822625253
1870,2.850710535941266
1871,9.755514740742573
1872,7.810026883080655
1873,9.57983082545878
1874,14.244565068695392
1875,13.711267938519413
1876,11.113882230740042
1877,8.11459627325965
1878,4.486610540433313
1879,6.304724663350139
1880,23.18516303352494
1881,6.75310208810706
1882,15.554019952206456
1883,7.964344246910908
1884,15.119459855700661
1885,10.308719712874387
1886,6.233077828905686
1887,13.881548782862565
1888,12.641344481157462
1889,7.94416862044648
1890,3.7774837543078643
1891,11.436762223450886
1892,15.747242287464502
1893,13.75900804788408
1894,10.57578918365764
1895,10.349121671814382
1896,19.118332467707333
1897,10.585743804646052
1898,13.675553995383346
1899,5.7819502264119835
1900,8.347235000833667
1901,15.304642243344958
1902,8.877238728577087
1903,11.284485498243445
1904,11.417454695256689
1905,12.073648211639043
1906,6.730213403384277
1907,8.617675926227761
1908,11.003869234780941
1909,11.718320317540668
1910,11.908676057661488
1911,4.143853870004425
1912,6.628341587616982
1913,9.910617077351809
1914,8.89255336054534
1915,11.879276007476895
1916,10.98704673329014
1917,5.221105318051493
1918,11.806176221095795
1919,6.309244959844084
1920,15.941345602444967
1921,6.332301807255086
1922,4.03008477986632
1923,17.241037253543368
1924,4.530148163488413
1925,13.263465825894945
1926,25.15634167178756
1927,12.054378502559754
1928,17.443478979691566
1929,6.081803838368602
1930,5.223878727495648
1931,8.240026471989808
1932,8.48601392987693
1933,10.33710389190289
1934,10.973087516268379
1935,4.829929629474581
1936,11.734915996238193
1937,14.416808193579882
1938,15.028422638266056
1939,10.06649043625959
1940,3.0720929893627305
1941,22.23581693978791
1942,11.038371439170378
1943,12.53140973165535
1944,10.84409175673957
1945,7.999143678213699
1946,4.208638800775843
1947,11.633616332613093
1948,17.044516681651018
1949,3.2602639824294437
1950,19.19184859165688
1951,10.2326596147279
1952,10.983958013365681
1953,9.67278318738451
1954,5.054017647884086
1955,10.307436886905139
1956,11.059632176242538
1957,9.830788328858086
1958,9.34480763138064
1959,15.964481258842994
1960,34.88502862499781
1961,10.830598590499523
1962,4.3451779716619185
1963,8.46718643072237
1964,4.166668729281699
1965,11.329553144375284
1966,9.20592638458131
1967,5.30966301789867
1968,14.098707223835868
1969,9.304438341214938
1970,10.036620276740482
1971,15.08672218902469
1972,18.572555921720152
1973,5.419891358775524
1974,12.83717744687247
1975,13.875354648066736
1976,5.362397749950738
1977,10.018901840769116
1978,9.19723365725542
1979,18.19588350296578
1980,18.622397986391558
1981,5.815823449696981
1982,6.993495649273533
1983,8.10283681245881
1984,10.38978148270106
1985,6.827713716689002
1986,14.395822431122449
1987,8.213277716081482
1988,13.248061035792333
1989,8.926704346935514
1990,16.627443288181208
1991,8.074210789693538
1992,12.285112340553725
1993,14.182704067989484
1994,10.556852664813357
1995,7.373288481769246
1996,10.031554463348446
1997,25.55356107998047
1998,4.736974027547882
1999,13.16228949583439
