suite,x_name,x_value,variant,variant_label,n,n_failed,n_success,success_rate,failure_rate,position_rmse_m,position_mean_error_m,position_conditional_rmse_m,position_median_m,position_p90_m,position_p95_m,peb_position_m_mean,peb_position_m_rms,clock_rmse_ns,clock_median_ns,clock_p90_ns,clock_p95_ns,channel_nmse_mean,channel_nmse_median,channel_nmse_p90,channel_nmse_p95,conditional_outlier_rate,outlier_rate,catastrophic_rate,outlier_ci_low,outlier_ci_high,outlier_ci_method,runtime_mean_s,runtime_median_s,runtime_p95_s,peak_rss_median_mb,peak_rss_max_mb,stage1_runtime_median_s,mksc_projection_runtime_median_s,common_geometry_runtime_median_s,anchor_refresh_runtime_median_s,stage3_runtime_median_s,clock_certificate_rate,clock_certificate_gap_p95,stage1_basin_acquisition_rate,stage1_delay_rmse_ns_median,stage1_delay_rmse_ns_p95,common_geometry_hessian_min_eig_median
subspace_mismatch,bs_sensor_position_std_mm,0.0,proposed,MKSC-GI-balanced + CCOP-JVP,150,0,150,1.0,0.0,0.04922193441729044,0.0050266426129280915,0.0011788169233101818,0.000913096610259907,0.0018940756449929226,0.002138311953121665,nan,nan,0.0031157229884894544,0.0021268801785961832,0.00501381886485308,0.006071225380984268,9.365397123425397e-05,5.149615428744528e-05,7.319896127180016e-05,8.238712760766765e-05,0.006666666666666667,0.006666666666666667,0.006666666666666667,0.00016877114310994754,0.03658316774058025,Clopper-Pearson exact,18.970759440039593,18.733435542788357,26.291366064315657,nan,nan,18.037792108953,0.8218502532690763,1.7989989700727165,0.16378288203850389,0.6481922045350075,1.0,4.058577662071815e-10,0.9866666666666667,0.06671899495357411,0.33414295432191965,9.184765255703295
subspace_mismatch,bs_sensor_position_std_mm,0.0,raw_delay_gi_ccop,Raw-delay Stage-I + common GI + refresh + CCOP-JVP,150,0,150,1.0,0.0,0.22487168244085287,0.04609170511548759,0.001179509409996045,0.000918662435745671,0.002089374903081848,0.0025986814091043735,nan,nan,0.49007177422843307,0.0021521249290555036,0.0054415991313426755,0.007163100539956402,0.02358816657533918,5.219488206172743e-05,8.228292437257059e-05,0.00118478103626016,0.04666666666666667,0.04666666666666667,0.04666666666666667,0.018965569634577503,0.0937858649877965,Clopper-Pearson exact,18.63239082047716,18.44839875586331,25.565931822685524,nan,nan,17.63680940400809,0.0,1.8257348760962486,0.16148955142125487,0.6646179221570492,1.0,4.0266045923773437e-10,0.94,0.14424486652950064,22.616202604290073,9.047283658239538
subspace_mismatch,bs_sensor_position_std_mm,0.05,proposed,MKSC-GI-balanced + CCOP-JVP,150,0,150,1.0,0.0,0.057166814095767106,0.005675788236865006,0.0011771349913459975,0.0009120563394269495,0.001956662119067814,0.0020792697561160503,nan,nan,0.0032421083133599158,0.002217984642903687,0.005041396892008564,0.006375633264298737,0.0038589249416194705,0.0036657832250320587,0.0056288453817190985,0.006349438102770517,0.006666666666666667,0.006666666666666667,0.006666666666666667,0.00016877114310994754,0.03658316774058025,Clopper-Pearson exact,19.499759694443394,20.371387631166726,26.08049627384171,nan,nan,19.657434520777315,0.8256279374472797,1.914770652540028,0.17263599205762148,0.6777855702675879,1.0,5.091554728683606e-10,0.9866666666666667,0.06677496696682339,0.33090465554270426,9.18988041104397
subspace_mismatch,bs_sensor_position_std_mm,0.05,raw_delay_gi_ccop,Raw-delay Stage-I + common GI + refresh + CCOP-JVP,150,0,150,1.0,0.0,0.22361078966368425,0.036258357416762935,0.001180780501066634,0.000923748246136411,0.0019930851529973777,0.0023308696840806335,nan,nan,0.4712907818424081,0.002289927238351954,0.0055189609216303665,0.0071215530622234435,0.02466678726835633,0.003694531321280708,0.0059178532669650966,0.006922619009513122,0.02666666666666667,0.02666666666666667,0.02666666666666667,0.007312546398008252,0.06686787667748939,Clopper-Pearson exact,19.081927649800978,20.179484483320266,26.048203340731558,nan,nan,19.37314756726846,0.0,2.037478477228433,0.17879631370306015,0.708841934800148,1.0,5.096224385467137e-10,0.96,0.14169835777627854,22.60491258162324,9.091187514067974
subspace_mismatch,bs_sensor_position_std_mm,0.1,proposed,MKSC-GI-balanced + CCOP-JVP,150,0,150,1.0,0.0,0.1089797542671124,0.012958356031512902,0.001176758707173957,0.0009263166656730036,0.0019482002588210197,0.002128768808545101,nan,nan,0.267376367323324,0.0023306368385763816,0.005505073085288056,0.006592784570772889,0.021476431960936668,0.014445372836139468,0.02218994416227633,0.025045272174147395,0.013333333333333334,0.013333333333333334,0.013333333333333334,0.0016188270298397504,0.04733301949633556,Clopper-Pearson exact,19.597604923273128,20.525906967930496,26.29474903917871,nan,nan,19.883052960503846,0.823982160538435,1.78703060047701,0.16807318245992064,0.6671392228454351,1.0,5.100663510607513e-10,0.9866666666666667,0.0671910941969307,0.3305596264629848,9.195111669377775
subspace_mismatch,bs_sensor_position_std_mm,0.1,raw_delay_gi_ccop,Raw-delay Stage-I + common GI + refresh + CCOP-JVP,150,0,150,1.0,0.0,0.21077610219445814,0.034732357659793635,0.0011821370591832312,0.0009483574403304162,0.0020023743105077236,0.0023762055194440934,nan,nan,0.48521034507317723,0.002509746559478052,0.006020069355703279,0.007516975335846139,0.03048604851671329,0.014708064132758675,0.024351458572841177,0.0287779347088971,0.03333333333333333,0.03333333333333333,0.03333333333333333,0.01091018646891129,0.07607232253734687,Clopper-Pearson exact,19.073193148219335,19.942350374534726,25.58529835026711,nan,nan,19.16975510492921,0.0,1.9132334422320127,0.17051971796900034,0.7075287634506822,1.0,5.095951371639251e-10,0.9533333333333334,0.14102443255470615,22.59308972487707,9.093996504557108
subspace_mismatch,bs_sensor_position_std_mm,0.2,proposed,MKSC-GI-balanced + CCOP-JVP,150,0,150,1.0,0.0,0.08494306507507271,0.008003982906208481,0.0012529440597315337,0.001007106276568483,0.0019811893628780683,0.002285522990258179,nan,nan,0.10635466522466853,0.00246082563266192,0.006198280078301029,0.0071948036341753455,0.06396703498932822,0.05639777951685915,0.08615101172132239,0.09637689482405189,0.006666666666666667,0.006666666666666667,0.006666666666666667,0.00016877114310994754,0.03658316774058025,Clopper-Pearson exact,19.16083343803262,19.540516081266105,25.66724279569462,nan,nan,19.087789445649832,0.8001421275548637,1.7725815107114613,0.16050655581057072,0.6337081519886851,1.0,4.876851797177102e-10,0.9933333333333333,0.06802391863724841,0.33168077923348754,9.166137468201887
subspace_mismatch,bs_sensor_position_std_mm,0.2,raw_delay_gi_ccop,Raw-delay Stage-I + common GI + refresh + CCOP-JVP,150,0,150,1.0,0.0,0.22088926925095761,0.04044355114809335,0.0012690658318548719,0.0010378579900556769,0.002132389356178181,0.0027684815797944322,nan,nan,0.5722526619408924,0.002528185480161462,0.006637426756711399,0.008603879412684833,0.08944855519062987,0.0574261415379463,0.09375854248840709,0.12320481476209438,0.04,0.04,0.04,0.014818521114898016,0.08502781471819877,Clopper-Pearson exact,18.775941942433516,19.06252425117418,25.567633127607397,nan,nan,18.377272114157677,0.0,1.7806024425663054,0.1620037709362805,0.6437871311791241,1.0,5.022093499440138e-10,0.9466666666666667,0.14196248755614854,23.291051919100195,9.037764417525466
subspace_mismatch,bs_sensor_position_std_mm,0.5,proposed,MKSC-GI-balanced + CCOP-JVP,150,0,150,1.0,0.0,0.14148822692389876,0.02205278463561635,0.0018474505473507507,0.0013342950845632248,0.003281422129960664,0.004005269123529342,nan,nan,0.2531681642363943,0.003423646203353795,0.009594447470293517,0.013178194448071438,0.32177331584485613,0.30396637555965655,0.4435115766386889,0.5037682436785327,0.02666666666666667,0.02666666666666667,0.02666666666666667,0.007312546398008252,0.06686787667748939,Clopper-Pearson exact,19.37332553089286,20.53425080468878,27.260002771392454,nan,nan,19.821110556367785,0.7933324882760644,1.828979994636029,0.17121312953531742,0.6467391573823988,1.0,5.159385769879027e-10,0.9733333333333334,0.08385085866835734,0.7144638657943976,9.185036232373205
subspace_mismatch,bs_sensor_position_std_mm,0.5,raw_delay_gi_ccop,Raw-delay Stage-I + common GI + refresh + CCOP-JVP,150,0,150,1.0,0.0,0.23617638227642118,0.04063035796052721,0.0018568505274262391,0.001347744065675966,0.003343824285356945,0.004187660013023242,nan,nan,0.6289312142111146,0.0034216843328870395,0.010306267307323482,0.014441848997228873,0.3254989516846693,0.30633343118083445,0.45179078592806715,0.5037682421154868,0.03333333333333333,0.03333333333333333,0.03333333333333333,0.01091018646891129,0.07607232253734687,Clopper-Pearson exact,19.20193527256449,20.412255364470184,26.561255900654935,nan,nan,19.660857720300555,0.0,1.9493701653555036,0.17545105377212167,0.6991971977986395,1.0,5.448801555748478e-10,0.9533333333333334,0.149277674576682,23.1848319297406,9.116941088701392
subspace_mismatch,evs_gain_std,0.0,proposed,MKSC-GI-balanced + CCOP-JVP,150,0,150,1.0,0.0,0.04922193424170936,0.0050266425960148265,0.0011788168952398383,0.0009130965231033217,0.0018940756442529902,0.0021383119623306487,nan,nan,0.003115722728170785,0.0021268801909497125,0.005013818869647501,0.006071225265211532,9.365397887956803e-05,5.1496158238717414e-05,7.319895855390239e-05,8.238712659308582e-05,0.006666666666666667,0.006666666666666667,0.006666666666666667,0.00016877114310994754,0.03658316774058025,Clopper-Pearson exact,19.489159725538144,19.931505844928324,26.44416382494382,nan,nan,19.296275270171463,0.7952312203124166,1.896630312781781,0.16734657529741526,0.6681671007536352,1.0,4.058574278534978e-10,0.9866666666666667,0.06671899495357442,0.33414295432192936,9.184766038997981
subspace_mismatch,evs_gain_std,0.0,raw_delay_gi_ccop,Raw-delay Stage-I + common GI + refresh + CCOP-JVP,150,0,150,1.0,0.0,0.22932483493085198,0.04485438927743554,0.001179129951467571,0.0009241794723892499,0.002033062679693089,0.00255763853559395,nan,nan,0.5630936441872979,0.0022059204018970305,0.0056545313290319085,0.007759483536969843,0.02983270594706847,5.219488321621694e-05,8.199249420066186e-05,9.130359768825826e-05,0.04,0.04,0.04,0.014818521114898016,0.08502781471819877,Clopper-Pearson exact,19.13698174118375,19.391601152718067,25.879621143033724,nan,nan,18.677669329568744,0.0,1.893226059153676,0.16858394630253315,0.6915526613593102,1.0,3.9564584976832273e-10,0.9466666666666667,0.14424486652949947,22.616202604290265,9.04728353317591
subspace_mismatch,evs_gain_std,0.01,proposed,MKSC-GI-balanced + CCOP-JVP,150,0,150,1.0,0.0,0.07542582627350047,0.009681928304923211,0.001174169944883665,0.000910596495523064,0.0019883996062531424,0.0022022906125588595,nan,nan,0.0032037156269618962,0.00213802414092821,0.00506675864466852,0.0063928384365675595,0.0002383648312012356,9.942110451649193e-05,0.00015444858438046915,0.00018560441129448493,0.013333333333333334,0.013333333333333334,0.013333333333333334,0.0016188270298397504,0.04733301949633556,Clopper-Pearson exact,19.520855770676086,19.895280161872506,25.74945393633097,nan,nan,19.182295154314488,0.7857761993072927,1.8599150502122939,0.15770339174196124,0.6306780758313835,1.0,4.2493503789195483e-10,0.9866666666666667,0.06683189800737332,0.33427475522259015,9.19108175245077
subspace_mismatch,evs_gain_std,0.01,raw_delay_gi_ccop,Raw-delay Stage-I + common GI + refresh + CCOP-JVP,150,0,150,1.0,0.0,0.18853346013098707,0.02776437866101008,0.0011875232565312166,0.0009198667596931275,0.002020954134595565,0.002292693317435581,nan,nan,0.3067502990146048,0.002153758959061273,0.005238118880643823,0.006782922046525642,0.017271267260005427,9.936829195318145e-05,0.0001624359752196198,0.00021534882929902726,0.02666666666666667,0.02666666666666667,0.02666666666666667,0.007312546398008252,0.06686787667748939,Clopper-Pearson exact,19.25896197354421,20.14310166751966,25.160049941064788,nan,nan,19.350024603307247,0.0,1.9349866234697402,0.16620354820042849,0.703013816382736,1.0,4.4895287111685487e-10,0.96,0.14380311477495927,22.61415528632197,9.08656340715918
subspace_mismatch,evs_gain_std,0.02,proposed,MKSC-GI-balanced + CCOP-JVP,150,0,150,1.0,0.0,0.04922829906158123,0.005029289625650578,0.0011804879801388254,0.0009142042904188143,0.001872302416278834,0.0021405582733302424,nan,nan,0.0031076602156109414,0.002125958723365907,0.005004918898493002,0.006098587006696006,0.0003090809443462758,0.00023695735890993838,0.0004320182654239245,0.0005403113747331627,0.006666666666666667,0.006666666666666667,0.006666666666666667,0.00016877114310994754,0.03658316774058025,Clopper-Pearson exact,19.577510213417312,20.689854023978114,28.064103450160456,nan,nan,20.048980274703354,0.651245946995914,1.9898870210163295,0.1670604245737195,0.6469086650758982,1.0,4.421565599251921e-10,0.9933333333333333,0.06643067687696587,0.33442887490807044,9.213742122873349
subspace_mismatch,evs_gain_std,0.02,raw_delay_gi_ccop,Raw-delay Stage-I + common GI + refresh + CCOP-JVP,150,0,150,1.0,0.0,0.142937265025667,0.025479772001635148,0.0011925143015565362,0.000923186492341427,0.0020517182127621826,0.002428130478118743,nan,nan,0.2352888820549082,0.002194114067828039,0.005223811630076197,0.006709457905547611,0.01937614671360378,0.0002478566601708062,0.00046691767694110155,0.0007552553305608414,0.03333333333333333,0.03333333333333333,0.03333333333333333,0.01091018646891129,0.07607232253734687,Clopper-Pearson exact,19.274576806245992,20.2995314928703,27.928872509440403,nan,nan,19.621980658732355,0.0,1.9239971712231636,0.17070528399199247,0.6513931951485574,1.0,4.3945444860977475e-10,0.9533333333333334,0.14226441611311724,22.61197487303296,9.084969834798509
subspace_mismatch,evs_gain_std,0.05,proposed,MKSC-GI-balanced + CCOP-JVP,150,0,150,1.0,0.0,0.049202702211156656,0.00503131153261578,0.0011842286087529518,0.0009018647187401003,0.0018638751817670446,0.002171769687398672,nan,nan,0.0030983172841487537,0.002123295757106715,0.004969583853088961,0.006138602682095528,0.0014638741707696807,0.001244459000874539,0.002368872645938487,0.00302627426053782,0.006666666666666667,0.006666666666666667,0.006666666666666667,0.00016877114310994754,0.03658316774058025,Clopper-Pearson exact,19.41277717658629,20.659093596041203,26.444533642986784,nan,nan,19.96080133598298,0.759369914419949,1.8418724592775106,0.15438535623252392,0.6217703516595066,1.0,4.741493631583926e-10,0.9933333333333333,0.06633853954994143,0.32530746031322355,9.24688179464767
subspace_mismatch,evs_gain_std,0.05,raw_delay_gi_ccop,Raw-delay Stage-I + common GI + refresh + CCOP-JVP,150,0,150,1.0,0.0,0.1795444414704016,0.030968950631149076,0.0011824545864502101,0.0009072175122222995,0.002048989309089191,0.0024353346832198205,nan,nan,0.4638514362452837,0.0022284313831429066,0.005414274693807352,0.007178778224537283,0.029512808753681508,0.0012741454490553016,0.0025284842732128912,0.004016698759008712,0.03333333333333333,0.03333333333333333,0.03333333333333333,0.01091018646891129,0.07607232253734687,Clopper-Pearson exact,18.88138180018092,19.89627653127536,25.56714227627963,nan,nan,19.265415760688484,0.0,1.8533558240160346,0.1545832077972591,0.6274296776391566,1.0,4.760601403973543e-10,0.96,0.14347235894954602,22.604602754691143,9.070014971205184
subspace_mismatch,evs_gain_std,0.1,proposed,MKSC-GI-balanced + CCOP-JVP,150,0,150,1.0,0.0,0.049198952571465546,0.005039539562460096,0.0011924179970062548,0.0008983934905034924,0.0018733431251317097,0.0021710420390290263,nan,nan,0.003090488179356048,0.002154669405625605,0.0049721049517786,0.006202634490657014,0.005539191311213857,0.004664686383968611,0.009185946928228491,0.010961351684032014,0.006666666666666667,0.006666666666666667,0.006666666666666667,0.00016877114310994754,0.03658316774058025,Clopper-Pearson exact,19.573397960277894,20.30592238716781,25.482166459644212,nan,nan,19.650994585826993,0.7869178303517401,1.8789798081852496,0.1682877279818058,0.6733449073508382,1.0,3.9989874128170597e-10,0.9933333333333333,0.06582356807359012,0.31193699832576544,9.301623600055988
subspace_mismatch,evs_gain_std,0.1,raw_delay_gi_ccop,Raw-delay Stage-I + common GI + refresh + CCOP-JVP,150,0,150,1.0,0.0,0.17020959641524974,0.02794946926491098,0.001854365308757623,0.0008983845118016472,0.002034236572459188,0.0024569008350822487,nan,nan,0.35600174410419405,0.0022150851624784798,0.005383965208186489,0.007198259586556012,0.031773026414827044,0.0049957892976087714,0.009732407315578956,0.015238558798432,0.02666666666666667,0.02666666666666667,0.02666666666666667,0.007312546398008252,0.06686787667748939,Clopper-Pearson exact,19.00369977650543,19.735522646922618,26.639277598308393,nan,nan,19.32172824954614,0.0,1.8859555725939572,0.16022492805495858,0.6534291477873921,1.0,4.1077838743688147e-10,0.9466666666666667,0.1412325383471325,22.589239086703085,9.082601148468019
subspace_mismatch,evs_phase_deg,0.0,proposed,MKSC-GI-balanced + CCOP-JVP,150,0,150,1.0,0.0,0.04922193424170936,0.0050266425960148265,0.0011788168952398383,0.0009130965231033217,0.0018940756442529902,0.0021383119623306487,nan,nan,0.003115722728170785,0.0021268801909497125,0.005013818869647501,0.006071225265211532,9.365397887956803e-05,5.1496158238717414e-05,7.319895855390239e-05,8.238712659308582e-05,0.006666666666666667,0.006666666666666667,0.006666666666666667,0.00016877114310994754,0.03658316774058025,Clopper-Pearson exact,18.938419442847373,19.970317194238305,26.918308751145364,nan,nan,19.227705616969615,0.6206774031743407,1.7822887529619038,0.14385603880509734,0.5735326795838773,1.0,4.058574278534978e-10,0.9866666666666667,0.06671899495357442,0.33414295432192936,9.184766038997981
subspace_mismatch,evs_phase_deg,0.0,raw_delay_gi_ccop,Raw-delay Stage-I + common GI + refresh + CCOP-JVP,150,0,150,1.0,0.0,0.22932483493085198,0.04485438927743554,0.001179129951467571,0.0009241794723892499,0.002033062679693089,0.00255763853559395,nan,nan,0.5630936441872979,0.0022059204018970305,0.0056545313290319085,0.007759483536969843,0.02983270594706847,5.219488321621694e-05,8.199249420066186e-05,9.130359768825826e-05,0.04,0.04,0.04,0.014818521114898016,0.08502781471819877,Clopper-Pearson exact,18.56199719913925,19.53301803767681,25.170669262809675,nan,nan,18.72814837284386,0.0,1.8230320950970054,0.15253470884636045,0.6000479897484183,1.0,3.9564584976832273e-10,0.9466666666666667,0.14424486652949947,22.616202604290265,9.04728353317591
subspace_mismatch,evs_phase_deg,1.0,proposed,MKSC-GI-balanced + CCOP-JVP,150,0,150,1.0,0.0,0.0011892399262728556,0.0010244883940974533,0.0011892399262728556,0.0009173667912358977,0.0018972084357209188,0.002156628303846825,nan,nan,0.0031193481489997722,0.0021291181930385107,0.0049991828732628436,0.005994174732016416,0.0002196867411112056,0.0001953839027039167,0.0003338877384828965,0.00039355233183523743,0.0,0.0,0.0,0.0,0.02429259716610854,Clopper-Pearson exact,18.610451324588308,19.9462850545533,25.648344347905365,nan,nan,19.158597966190428,0.7642499012872577,1.8030851669609547,0.15900332108139992,0.6092757433652878,1.0,4.816334609208436e-10,0.9933333333333333,0.06632819984209518,0.33264522237727884,9.18217661307715
subspace_mismatch,evs_phase_deg,1.0,raw_delay_gi_ccop,Raw-delay Stage-I + common GI + refresh + CCOP-JVP,150,0,150,1.0,0.0,0.31316508296572726,0.06571733502933533,0.0011780602516352804,0.0009354649037505029,0.002122338983249756,0.1808447828545651,nan,nan,0.7475688129674334,0.0021770163188767518,0.005624189442613524,0.008397272839855674,0.04098827015748971,0.00020010890871762746,0.0004076844114113401,0.005458952542261408,0.05333333333333334,0.05333333333333334,0.05333333333333334,0.02330381019647,0.10238189602332377,Clopper-Pearson exact,17.972855532833684,18.91282348288223,25.268511545844376,nan,nan,18.27932358859107,0.0,1.7563729165121913,0.1508644321002066,0.6272794711403549,1.0,4.83116153079194e-10,0.94,0.14445310646044873,22.617515016099734,9.04684676425881
subspace_mismatch,evs_phase_deg,10.0,proposed,MKSC-GI-balanced + CCOP-JVP,150,0,150,1.0,0.0,0.049220693720824785,0.005040221321923466,0.0011919907886695723,0.0009232375836715717,0.0019203638639051124,0.0022211831486951047,nan,nan,0.00320747808150401,0.0019506686266041787,0.005366495311087483,0.006352296980630356,0.016596965663517108,0.01465572882358393,0.02872568812115518,0.031576936257216186,0.006666666666666667,0.006666666666666667,0.006666666666666667,0.00016877114310994754,0.03658316774058025,Clopper-Pearson exact,19.80532762285943,20.953637913800776,26.39185562808997,nan,nan,20.25990873761475,0.7734637651592493,1.9747388153336942,0.17751422617584467,0.7075182660482824,1.0,5.036621090798133e-10,0.9933333333333333,0.06644320428987474,0.3299627723339066,9.184330536990682
subspace_mismatch,evs_phase_deg,10.0,raw_delay_gi_ccop,Raw-delay Stage-I + common GI + refresh + CCOP-JVP,150,0,150,1.0,0.0,0.2191759983339334,0.0418752789768752,0.0011787594807818294,0.0009286750903459197,0.002188318192943093,0.002526293229303417,nan,nan,0.5023818571468802,0.0020607313410657786,0.00608461763263674,0.008317272024162924,0.048127958267117014,0.015042758730038124,0.031169220904160543,0.0546236227648212,0.04666666666666667,0.04666666666666667,0.04666666666666667,0.018965569634577503,0.0937858649877965,Clopper-Pearson exact,19.503665272959818,20.250274509657174,28.73751300927251,nan,nan,19.461077156476676,0.0,1.9446883453056216,0.1752616805024445,0.6710811611264944,1.0,5.02746324759009e-10,0.9466666666666667,0.1415888908495092,22.618498514246813,9.04774445119656
subspace_mismatch,evs_phase_deg,2.0,proposed,MKSC-GI-balanced + CCOP-JVP,150,0,150,1.0,0.0,0.04923354920783171,0.005029372445802644,0.001179873462399698,0.0009170393291984989,0.0018996995181590163,0.0021749695836101976,nan,nan,0.003124708317998918,0.0021251275302408236,0.004990535298249984,0.00591814110100372,0.0007600843679084102,0.0006377716619429103,0.0012343624836946515,0.0014845860461233193,0.006666666666666667,0.006666666666666667,0.006666666666666667,0.00016877114310994754,0.03658316774058025,Clopper-Pearson exact,19.031184695096066,20.544071371667087,25.51276619555428,nan,nan,19.81925840070471,0.659286524169147,1.8760128947906196,0.15928344149142504,0.6167612131685019,1.0,4.651696706837858e-10,0.9866666666666667,0.06532205355784806,0.33173856602302887,9.182319196490841
subspace_mismatch,evs_phase_deg,2.0,raw_delay_gi_ccop,Raw-delay Stage-I + common GI + refresh + CCOP-JVP,150,0,150,1.0,0.0,0.30644043513140745,0.06325988075650227,0.0011893341719495304,0.0009444518996578966,0.0021365738010752614,0.002571370489128366,nan,nan,0.740884282998292,0.002220296602112144,0.005597798217592727,0.00838743972339652,0.037615108061771874,0.0006633318363063923,0.0013450131412654426,0.002326562813447939,0.04666666666666667,0.04666666666666667,0.04666666666666667,0.018965569634577503,0.0937858649877965,Clopper-Pearson exact,18.20497132177154,19.83479999890551,24.942301855282853,nan,nan,19.174351028632373,0.0,1.8106500967405736,0.15964589267969131,0.6444100691005588,1.0,4.6260094590945195e-10,0.9466666666666667,0.14456513418770828,22.618546948096323,9.046585665167287
subspace_mismatch,evs_phase_deg,5.0,proposed,MKSC-GI-balanced + CCOP-JVP,150,0,150,1.0,0.0,0.04922928841522291,0.005032530780015472,0.0011827399838552303,0.0009203981820318937,0.0019033125461028544,0.002223313431979377,nan,nan,0.0031468759147470615,0.0019864450206932612,0.005160742505755067,0.005849736591346287,0.004263696949265599,0.0037331211206358284,0.007358681242609006,0.00898429063451242,0.006666666666666667,0.006666666666666667,0.006666666666666667,0.00016877114310994754,0.03658316774058025,Clopper-Pearson exact,19.347394429128617,19.695989846717566,28.49631206691263,nan,nan,19.032999513670802,0.6110763060860336,1.8657700940966606,0.15916584804654121,0.6428662133403122,1.0,4.372777892866805e-10,0.9933333333333333,0.06630921735501044,0.33097536961535307,9.18027006885412
subspace_mismatch,evs_phase_deg,5.0,raw_delay_gi_ccop,Raw-delay Stage-I + common GI + refresh + CCOP-JVP,150,0,150,1.0,0.0,0.19280177559314024,0.03204345881245462,0.0011761558555208437,0.0009240240506653459,0.002034284147122613,0.0023986736521854454,nan,nan,0.28534675901874973,0.0020169765627168785,0.0055227850854220484,0.006860546965333822,0.019457871388659585,0.003821306667517434,0.007882285373862366,0.011395329914206241,0.03333333333333333,0.03333333333333333,0.03333333333333333,0.01091018646891129,0.07607232253734687,Clopper-Pearson exact,18.663744995482265,19.816516723949462,25.151002639951184,nan,nan,19.17444180138409,0.0,1.7935126083903015,0.15096113039180636,0.5922220828942955,1.0,4.371076011432671e-10,0.96,0.14220849120071516,22.620103929575006,9.07005495364786
subspace_mismatch,ris_bs_angle_deg,0.0,proposed,MKSC-GI-balanced + CCOP-JVP,150,0,150,1.0,0.0,0.04922193412919906,0.005026642582244424,0.0011788168937372188,0.0009130965671817579,0.0018940758566701103,0.002138311955064293,nan,nan,0.0031157227271890495,0.0021268789434066657,0.005013818850950077,0.006071225415294189,9.365399133139098e-05,5.1496159260873806e-05,7.319895925247986e-05,8.23871319324958e-05,0.006666666666666667,0.006666666666666667,0.006666666666666667,0.00016877114310994754,0.03658316774058025,Clopper-Pearson exact,19.350360666817675,19.402151448186487,27.058102727169167,nan,nan,18.854004543740302,0.8072048872709274,1.8537403740920126,0.16207666927948594,0.6682818816043437,1.0,4.058579541814502e-10,0.9866666666666667,0.06671899495357608,0.33414295432191443,9.184766307329722
subspace_mismatch,ris_bs_angle_deg,0.0,raw_delay_gi_ccop,Raw-delay Stage-I + common GI + refresh + CCOP-JVP,150,0,150,1.0,0.0,0.22526474999674254,0.04622775266597732,0.00117950910325091,0.0009186626675437765,0.002089374435816214,0.0025986807038020933,nan,nan,0.4963971531768785,0.0021769664538941183,0.005560162297749025,0.007759483575683219,0.025159411948685748,5.2194883589945204e-05,8.22829256776056e-05,0.0011847851959332677,0.04666666666666667,0.04666666666666667,0.04666666666666667,0.018965569634577503,0.0937858649877965,Clopper-Pearson exact,18.89628006089479,19.1513431831263,25.591779834404587,nan,nan,18.535560711752623,0.0,1.8915797229856253,0.16294045327231288,0.6666467804461718,1.0,4.02661008122599e-10,0.94,0.14424486652950533,22.616202604289253,9.047283874973928
subspace_mismatch,ris_bs_angle_deg,0.1,proposed,MKSC-GI-balanced + CCOP-JVP,150,0,150,1.0,0.0,0.19012263668202883,0.032828819507326565,0.013990737418472456,0.01087172179262449,0.021640751513800502,0.026815448344294036,nan,nan,0.24537604817797073,0.024169714216558218,0.05455562828816158,0.06123298371807435,0.015173078689865277,0.0009780586402555536,0.005228176110727283,0.008111778460977466,0.013333333333333334,0.013333333333333334,0.013333333333333334,0.0016188270298397504,0.04733301949633556,Clopper-Pearson exact,19.8372030973124,20.481219897978008,27.857389474427308,nan,nan,19.816230488475412,0.7918991982005537,1.908750548493117,0.16982633527368307,0.6994006745517254,1.0,5.506210739563282e-10,0.98,0.06740745458656877,0.35723574178582485,9.074445997720836
subspace_mismatch,ris_bs_angle_deg,0.1,raw_delay_gi_ccop,Raw-delay Stage-I + common GI + refresh + CCOP-JVP,150,0,150,1.0,0.0,0.1622675501104466,0.037846599556236774,0.014026264936267721,0.010938280081377028,0.022252310749728145,0.02807040721325743,nan,nan,0.39403413681449756,0.024271381383493804,0.05741193107159533,0.071598979597095,0.02329138743578766,0.0010432619270467187,0.006113330575933112,0.009662252672656645,0.03333333333333333,0.03333333333333333,0.03333333333333333,0.01091018646891129,0.07607232253734687,Clopper-Pearson exact,19.461506086916973,20.050936201121658,27.357795572653384,nan,nan,19.454754530917853,0.0,1.9230523449368775,0.1720483833923936,0.7152428105473518,1.0,5.518376622209084e-10,0.9666666666666667,0.14231605299367378,22.537717275322624,8.98835861631338
subspace_mismatch,ris_bs_angle_deg,0.25,proposed,MKSC-GI-balanced + CCOP-JVP,150,0,150,1.0,0.0,0.10532553848900508,0.04426123360026434,0.03539436529908697,0.027842352888247573,0.0560239108056219,0.06753618619019082,nan,nan,0.24219496821494502,0.05843990714928732,0.14310377813775516,0.16828020335473035,0.027852981893373284,0.005704102306861812,0.03308470941550969,0.052627230183505666,0.02,0.02,0.02,0.0041436252812205475,0.05733422228820578,Clopper-Pearson exact,19.80320100976154,20.829330027569085,26.285174624389036,nan,nan,19.9724887101911,0.8088897154666483,1.9303860235959291,0.17132304096594453,0.7422308307141066,1.0,4.1343644510268145e-10,0.98,0.06932492746641974,0.3811629938418847,8.76361847647047
subspace_mismatch,ris_bs_angle_deg,0.25,raw_delay_gi_ccop,Raw-delay Stage-I + common GI + refresh + CCOP-JVP,150,0,150,1.0,0.0,0.23775877356686054,0.0710551285640384,0.035690951598376194,0.02934646973330457,0.05834426317656651,0.07720156299374911,nan,nan,0.5277950507952932,0.05930022179876271,0.14862867429301976,0.17253682085328034,0.03846483457245062,0.006320409554398938,0.03802337046854061,0.056513980422708866,0.04,0.04,0.04,0.014818521114898016,0.08502781471819877,Clopper-Pearson exact,19.24578049513201,20.140305306296796,25.856491533247752,nan,nan,19.241665662731975,0.0,1.9238214972428977,0.169677528552711,0.7503132275305688,1.0,4.134550921501386e-10,0.9466666666666667,0.14111433518722133,23.35835861350686,8.599926776648509
subspace_mismatch,ris_bs_angle_deg,0.5,proposed,MKSC-GI-balanced + CCOP-JVP,150,0,150,1.0,0.0,0.08462360830439698,0.0679279480949008,0.05979770530811524,0.05947712288429304,0.11576543346776705,0.13223018386841248,nan,nan,0.17958891521668469,0.12323280455963445,0.28680596215250714,0.3460530383608084,0.04593085806928983,0.0215482431448586,0.09716305084528444,0.15287891118066774,0.14,0.14,0.14,0.08879823225648582,0.20601068913654932,Clopper-Pearson exact,19.743357674268385,20.35660272790119,28.83695593038573,nan,nan,19.469590078573674,0.8109204596839845,1.9672216209582984,0.16918850922957063,0.7813218720257282,1.0,4.5823631497177053e-10,0.88,0.06953485883255398,0.47484529420214994,8.084910865773624
subspace_mismatch,ris_bs_angle_deg,0.5,raw_delay_gi_ccop,Raw-delay Stage-I + common GI + refresh + CCOP-JVP,150,0,150,1.0,0.0,0.19887329975367984,0.08842381473134153,0.0596263728396774,0.060553688592538776,0.11785721758522906,0.14684974188914987,nan,nan,0.43107040693492854,0.12323222874700998,0.2956642735316582,0.35725162299631863,0.057454315743466114,0.022403786019531663,0.11244986117628986,0.17177570838998524,0.15333333333333332,0.15333333333333332,0.15333333333333332,0.09975195141558654,0.22113973314511062,Clopper-Pearson exact,19.094580188437053,19.52097967872396,26.678661321057,nan,nan,18.637158976867795,0.0,1.893537264317274,0.16671958612278104,0.7695477213710546,1.0,4.4681945715402197e-10,0.8533333333333334,0.1357932591910782,22.117221154455812,7.946286907305057
subspace_mismatch,ris_bs_angle_deg,1.0,proposed,MKSC-GI-balanced + CCOP-JVP,150,0,150,1.0,0.0,0.24446997409789023,0.17088675639160636,0.07050144554890304,0.1356753710888204,0.27210512173120105,0.3717798406537864,nan,nan,0.535328068601633,0.250263586941697,0.6151765231311744,0.8172614979002112,0.13055130378226398,0.07100379446550281,0.30476149111267475,0.4885851785867515,0.68,0.68,0.68,0.5989942143366919,0.7537304842875724,Clopper-Pearson exact,20.30044608656317,20.668567205779254,30.56489456500858,nan,nan,19.925775554496795,0.8120328127406538,2.06848495779559,0.17381819244474173,0.789288439322263,1.0,5.507517085541174e-10,0.43333333333333335,0.06802079300682587,0.5429057735241931,6.374605166319425
subspace_mismatch,ris_bs_angle_deg,1.0,raw_delay_gi_ccop,Raw-delay Stage-I + common GI + refresh + CCOP-JVP,150,0,150,1.0,0.0,0.3268949030323691,0.21257335532397004,0.06996387176885975,0.14293156832582155,0.3579063453299922,0.7602120355909199,nan,nan,0.7203728108449924,0.2653007191573017,0.7782365435014365,1.3138495510942834,0.17897790909220504,0.08420296625640483,0.46357984534315,0.7806175119835371,0.6933333333333334,0.6933333333333334,0.6933333333333334,0.6128997034181229,0.7659479938008387,Clopper-Pearson exact,19.5571640362901,20.36913566943258,26.552695896429938,nan,nan,19.64899148233235,0.0,2.038316056597978,0.16866625845432281,0.7965278676711023,1.0,5.152885732451259e-10,0.4,0.1349204002351579,21.653762182582902,5.681800572771749
